frame_id,session,height_cm,split,img_path,depth_path,teacher_path,has_object,n_object,light,n_kpt_visible
20260715_085238_120_000000,20260715_085238_120,120,train,new_ds/train\20260715_085238_120_000000.png,new_ds/Depth\20260715_085238_120_000000.npy,new_ds/Teacher\20260715_085238_120_000000.npy,0,0,No-Light,0
20260715_085238_120_000001,20260715_085238_120,120,train,new_ds/train\20260715_085238_120_000001.png,new_ds/Depth\20260715_085238_120_000001.npy,new_ds/Teacher\20260715_085238_120_000001.npy,0,0,No-Light,0
20260715_085238_120_000002,20260715_085238_120,120,train,new_ds/train\20260715_085238_120_000002.png,new_ds/Depth\20260715_085238_120_000002.npy,new_ds/Teacher\20260715_085238_120_000002.npy,1,1,No-Light,4
20260715_085238_120_000003,20260715_085238_120,120,train,new_ds/train\20260715_085238_120_000003.png,new_ds/Depth\20260715_085238_120_000003.npy,new_ds/Teacher\20260715_085238_120_000003.npy,1,1,No-Light,4
20260715_085238_120_000004,20260715_085238_120,120,train,new_ds/train\20260715_085238_120_000004.png,new_ds/Depth\20260715_085238_120_000004.npy,new_ds/Teacher\20260715_085238_120_000004.npy,1,1,No-Light,4
20260715_085238_120_000005,20260715_085238_120,120,train,new_ds/train\20260715_085238_120_000005.png,new_ds/Depth\20260715_085238_120_000005.npy,new_ds/Teacher\20260715_085238_120_000005.npy,1,2,No-Light,8
20260715_085238_120_000006,20260715_085238_120,120,train,new_ds/train\20260715_085238_120_000006.png,new_ds/Depth\20260715_085238_120_000006.npy,new_ds/Teacher\20260715_085238_120_000006.npy,1,2,No-Light,8
20260715_085238_120_000007,20260715_085238_120,120,train,new_ds/train\20260715_085238_120_000007.png,new_ds/Depth\20260715_085238_120_000007.npy,new_ds/Teacher\20260715_085238_120_000007.npy,1,1,No-Light,4
20260715_085238_120_000008,20260715_085238_120,120,train,new_ds/train\20260715_085238_120_000008.png,new_ds/Depth\20260715_085238_120_000008.npy,new_ds/Teacher\20260715_085238_120_000008.npy,1,1,No-Light,4
20260715_085238_120_000009,20260715_085238_120,120,train,new_ds/train\20260715_085238_120_000009.png,new_ds/Depth\20260715_085238_120_000009.npy,new_ds/Teacher\20260715_085238_120_000009.npy,1,1,No-Light,4
20260715_085238_120_000010,20260715_085238_120,120,train,new_ds/train\20260715_085238_120_000010.png,new_ds/Depth\20260715_085238_120_000010.npy,new_ds/Teacher\20260715_085238_120_000010.npy,0,0,No-Light,0
20260715_085238_120_000011,20260715_085238_120,120,train,new_ds/train\20260715_085238_120_000011.png,new_ds/Depth\20260715_085238_120_000011.npy,new_ds/Teacher\20260715_085238_120_000011.npy,0,0,No-Light,0
20260715_085238_120_000012,20260715_085238_120,120,train,new_ds/train\20260715_085238_120_000012.png,new_ds/Depth\20260715_085238_120_000012.npy,new_ds/Teacher\20260715_085238_120_000012.npy,0,0,No-Light,0
20260715_085238_120_000013,20260715_085238_120,120,train,new_ds/train\20260715_085238_120_000013.png,new_ds/Depth\20260715_085238_120_000013.npy,new_ds/Teacher\20260715_085238_120_000013.npy,0,0,No-Light,0
20260715_085238_120_000014,20260715_085238_120,120,train,new_ds/train\20260715_085238_120_000014.png,new_ds/Depth\20260715_085238_120_000014.npy,new_ds/Teacher\20260715_085238_120_000014.npy,0,0,No-Light,0
20260715_085238_120_000015,20260715_085238_120,120,train,new_ds/train\20260715_085238_120_000015.png,new_ds/Depth\20260715_085238_120_000015.npy,new_ds/Teacher\20260715_085238_120_000015.npy,0,0,No-Light,0
20260715_085238_120_000016,20260715_085238_120,120,train,new_ds/train\20260715_085238_120_000016.png,new_ds/Depth\20260715_085238_120_000016.npy,new_ds/Teacher\20260715_085238_120_000016.npy,0,0,No-Light,0
20260715_085238_120_000017,20260715_085238_120,120,train,new_ds/train\20260715_085238_120_000017.png,new_ds/Depth\20260715_085238_120_000017.npy,new_ds/Teacher\20260715_085238_120_000017.npy,0,0,No-Light,0
20260715_085311_130_000000,20260715_085311_130,130,train,new_ds/train\20260715_085311_130_000000.png,new_ds/Depth\20260715_085311_130_000000.npy,new_ds/Teacher\20260715_085311_130_000000.npy,0,0,No-Light,0
20260715_085311_130_000001,20260715_085311_130,130,train,new_ds/train\20260715_085311_130_000001.png,new_ds/Depth\20260715_085311_130_000001.npy,new_ds/Teacher\20260715_085311_130_000001.npy,0,0,No-Light,0
20260715_085311_130_000002,20260715_085311_130,130,train,new_ds/train\20260715_085311_130_000002.png,new_ds/Depth\20260715_085311_130_000002.npy,new_ds/Teacher\20260715_085311_130_000002.npy,0,0,No-Light,0
20260715_085311_130_000003,20260715_085311_130,130,train,new_ds/train\20260715_085311_130_000003.png,new_ds/Depth\20260715_085311_130_000003.npy,new_ds/Teacher\20260715_085311_130_000003.npy,1,1,No-Light,4
20260715_085311_130_000004,20260715_085311_130,130,train,new_ds/train\20260715_085311_130_000004.png,new_ds/Depth\20260715_085311_130_000004.npy,new_ds/Teacher\20260715_085311_130_000004.npy,1,1,No-Light,4
20260715_085311_130_000005,20260715_085311_130,130,train,new_ds/train\20260715_085311_130_000005.png,new_ds/Depth\20260715_085311_130_000005.npy,new_ds/Teacher\20260715_085311_130_000005.npy,1,1,No-Light,4
20260715_085311_130_000006,20260715_085311_130,130,train,new_ds/train\20260715_085311_130_000006.png,new_ds/Depth\20260715_085311_130_000006.npy,new_ds/Teacher\20260715_085311_130_000006.npy,1,2,No-Light,8
20260715_085311_130_000007,20260715_085311_130,130,train,new_ds/train\20260715_085311_130_000007.png,new_ds/Depth\20260715_085311_130_000007.npy,new_ds/Teacher\20260715_085311_130_000007.npy,1,2,No-Light,8
20260715_085311_130_000008,20260715_085311_130,130,train,new_ds/train\20260715_085311_130_000008.png,new_ds/Depth\20260715_085311_130_000008.npy,new_ds/Teacher\20260715_085311_130_000008.npy,1,2,No-Light,8
20260715_085311_130_000009,20260715_085311_130,130,train,new_ds/train\20260715_085311_130_000009.png,new_ds/Depth\20260715_085311_130_000009.npy,new_ds/Teacher\20260715_085311_130_000009.npy,1,1,No-Light,4
20260715_085311_130_000010,20260715_085311_130,130,train,new_ds/train\20260715_085311_130_000010.png,new_ds/Depth\20260715_085311_130_000010.npy,new_ds/Teacher\20260715_085311_130_000010.npy,1,1,No-Light,4
20260715_085311_130_000011,20260715_085311_130,130,train,new_ds/train\20260715_085311_130_000011.png,new_ds/Depth\20260715_085311_130_000011.npy,new_ds/Teacher\20260715_085311_130_000011.npy,1,1,No-Light,4
20260715_085311_130_000012,20260715_085311_130,130,train,new_ds/train\20260715_085311_130_000012.png,new_ds/Depth\20260715_085311_130_000012.npy,new_ds/Teacher\20260715_085311_130_000012.npy,0,0,No-Light,0
20260715_085311_130_000013,20260715_085311_130,130,train,new_ds/train\20260715_085311_130_000013.png,new_ds/Depth\20260715_085311_130_000013.npy,new_ds/Teacher\20260715_085311_130_000013.npy,0,0,No-Light,0
20260715_085311_130_000014,20260715_085311_130,130,train,new_ds/train\20260715_085311_130_000014.png,new_ds/Depth\20260715_085311_130_000014.npy,new_ds/Teacher\20260715_085311_130_000014.npy,0,0,No-Light,0
20260715_085311_130_000015,20260715_085311_130,130,train,new_ds/train\20260715_085311_130_000015.png,new_ds/Depth\20260715_085311_130_000015.npy,new_ds/Teacher\20260715_085311_130_000015.npy,0,0,No-Light,0
20260715_085311_130_000016,20260715_085311_130,130,train,new_ds/train\20260715_085311_130_000016.png,new_ds/Depth\20260715_085311_130_000016.npy,new_ds/Teacher\20260715_085311_130_000016.npy,0,0,No-Light,0
20260715_085344_140_000000,20260715_085344_140,140,train,new_ds/train\20260715_085344_140_000000.png,new_ds/Depth\20260715_085344_140_000000.npy,new_ds/Teacher\20260715_085344_140_000000.npy,0,0,No-Light,0
20260715_085344_140_000001,20260715_085344_140,140,train,new_ds/train\20260715_085344_140_000001.png,new_ds/Depth\20260715_085344_140_000001.npy,new_ds/Teacher\20260715_085344_140_000001.npy,0,0,No-Light,0
20260715_085344_140_000002,20260715_085344_140,140,train,new_ds/train\20260715_085344_140_000002.png,new_ds/Depth\20260715_085344_140_000002.npy,new_ds/Teacher\20260715_085344_140_000002.npy,1,1,No-Light,4
20260715_085344_140_000003,20260715_085344_140,140,train,new_ds/train\20260715_085344_140_000003.png,new_ds/Depth\20260715_085344_140_000003.npy,new_ds/Teacher\20260715_085344_140_000003.npy,1,1,No-Light,4
20260715_085344_140_000004,20260715_085344_140,140,train,new_ds/train\20260715_085344_140_000004.png,new_ds/Depth\20260715_085344_140_000004.npy,new_ds/Teacher\20260715_085344_140_000004.npy,1,1,No-Light,4
20260715_085344_140_000005,20260715_085344_140,140,train,new_ds/train\20260715_085344_140_000005.png,new_ds/Depth\20260715_085344_140_000005.npy,new_ds/Teacher\20260715_085344_140_000005.npy,1,2,No-Light,8
20260715_085344_140_000006,20260715_085344_140,140,train,new_ds/train\20260715_085344_140_000006.png,new_ds/Depth\20260715_085344_140_000006.npy,new_ds/Teacher\20260715_085344_140_000006.npy,1,2,No-Light,8
20260715_085344_140_000007,20260715_085344_140,140,train,new_ds/train\20260715_085344_140_000007.png,new_ds/Depth\20260715_085344_140_000007.npy,new_ds/Teacher\20260715_085344_140_000007.npy,1,2,No-Light,8
20260715_085344_140_000008,20260715_085344_140,140,train,new_ds/train\20260715_085344_140_000008.png,new_ds/Depth\20260715_085344_140_000008.npy,new_ds/Teacher\20260715_085344_140_000008.npy,1,2,No-Light,8
20260715_085344_140_000009,20260715_085344_140,140,train,new_ds/train\20260715_085344_140_000009.png,new_ds/Depth\20260715_085344_140_000009.npy,new_ds/Teacher\20260715_085344_140_000009.npy,1,2,No-Light,8
20260715_085344_140_000010,20260715_085344_140,140,train,new_ds/train\20260715_085344_140_000010.png,new_ds/Depth\20260715_085344_140_000010.npy,new_ds/Teacher\20260715_085344_140_000010.npy,1,1,No-Light,4
20260715_085344_140_000011,20260715_085344_140,140,train,new_ds/train\20260715_085344_140_000011.png,new_ds/Depth\20260715_085344_140_000011.npy,new_ds/Teacher\20260715_085344_140_000011.npy,0,0,No-Light,0
20260715_085344_140_000012,20260715_085344_140,140,train,new_ds/train\20260715_085344_140_000012.png,new_ds/Depth\20260715_085344_140_000012.npy,new_ds/Teacher\20260715_085344_140_000012.npy,0,0,No-Light,0
20260715_085344_140_000013,20260715_085344_140,140,train,new_ds/train\20260715_085344_140_000013.png,new_ds/Depth\20260715_085344_140_000013.npy,new_ds/Teacher\20260715_085344_140_000013.npy,0,0,No-Light,0
20260715_085344_140_000014,20260715_085344_140,140,train,new_ds/train\20260715_085344_140_000014.png,new_ds/Depth\20260715_085344_140_000014.npy,new_ds/Teacher\20260715_085344_140_000014.npy,0,0,No-Light,0
20260715_085344_140_000015,20260715_085344_140,140,train,new_ds/train\20260715_085344_140_000015.png,new_ds/Depth\20260715_085344_140_000015.npy,new_ds/Teacher\20260715_085344_140_000015.npy,0,0,No-Light,0
20260715_085344_140_000016,20260715_085344_140,140,train,new_ds/train\20260715_085344_140_000016.png,new_ds/Depth\20260715_085344_140_000016.npy,new_ds/Teacher\20260715_085344_140_000016.npy,0,0,No-Light,0
20260715_085344_140_000017,20260715_085344_140,140,train,new_ds/train\20260715_085344_140_000017.png,new_ds/Depth\20260715_085344_140_000017.npy,new_ds/Teacher\20260715_085344_140_000017.npy,0,0,No-Light,0
20260715_085415_150_000000,20260715_085415_150,150,train,new_ds/train\20260715_085415_150_000000.png,new_ds/Depth\20260715_085415_150_000000.npy,new_ds/Teacher\20260715_085415_150_000000.npy,0,0,No-Light,0
20260715_085415_150_000001,20260715_085415_150,150,train,new_ds/train\20260715_085415_150_000001.png,new_ds/Depth\20260715_085415_150_000001.npy,new_ds/Teacher\20260715_085415_150_000001.npy,0,0,No-Light,0
20260715_085415_150_000002,20260715_085415_150,150,train,new_ds/train\20260715_085415_150_000002.png,new_ds/Depth\20260715_085415_150_000002.npy,new_ds/Teacher\20260715_085415_150_000002.npy,0,0,No-Light,0
20260715_085415_150_000003,20260715_085415_150,150,train,new_ds/train\20260715_085415_150_000003.png,new_ds/Depth\20260715_085415_150_000003.npy,new_ds/Teacher\20260715_085415_150_000003.npy,1,1,No-Light,4
20260715_085415_150_000004,20260715_085415_150,150,train,new_ds/train\20260715_085415_150_000004.png,new_ds/Depth\20260715_085415_150_000004.npy,new_ds/Teacher\20260715_085415_150_000004.npy,1,1,No-Light,4
20260715_085415_150_000005,20260715_085415_150,150,train,new_ds/train\20260715_085415_150_000005.png,new_ds/Depth\20260715_085415_150_000005.npy,new_ds/Teacher\20260715_085415_150_000005.npy,1,2,No-Light,8
20260715_085415_150_000006,20260715_085415_150,150,train,new_ds/train\20260715_085415_150_000006.png,new_ds/Depth\20260715_085415_150_000006.npy,new_ds/Teacher\20260715_085415_150_000006.npy,1,2,No-Light,8
20260715_085415_150_000007,20260715_085415_150,150,train,new_ds/train\20260715_085415_150_000007.png,new_ds/Depth\20260715_085415_150_000007.npy,new_ds/Teacher\20260715_085415_150_000007.npy,1,2,No-Light,8
20260715_085415_150_000008,20260715_085415_150,150,train,new_ds/train\20260715_085415_150_000008.png,new_ds/Depth\20260715_085415_150_000008.npy,new_ds/Teacher\20260715_085415_150_000008.npy,1,2,No-Light,8
20260715_085415_150_000009,20260715_085415_150,150,train,new_ds/train\20260715_085415_150_000009.png,new_ds/Depth\20260715_085415_150_000009.npy,new_ds/Teacher\20260715_085415_150_000009.npy,1,2,No-Light,8
20260715_085415_150_000010,20260715_085415_150,150,train,new_ds/train\20260715_085415_150_000010.png,new_ds/Depth\20260715_085415_150_000010.npy,new_ds/Teacher\20260715_085415_150_000010.npy,1,2,No-Light,8
20260715_085415_150_000011,20260715_085415_150,150,train,new_ds/train\20260715_085415_150_000011.png,new_ds/Depth\20260715_085415_150_000011.npy,new_ds/Teacher\20260715_085415_150_000011.npy,1,2,No-Light,8
20260715_085415_150_000012,20260715_085415_150,150,train,new_ds/train\20260715_085415_150_000012.png,new_ds/Depth\20260715_085415_150_000012.npy,new_ds/Teacher\20260715_085415_150_000012.npy,0,0,No-Light,0
20260715_085415_150_000013,20260715_085415_150,150,train,new_ds/train\20260715_085415_150_000013.png,new_ds/Depth\20260715_085415_150_000013.npy,new_ds/Teacher\20260715_085415_150_000013.npy,0,0,No-Light,0
20260715_085415_150_000014,20260715_085415_150,150,train,new_ds/train\20260715_085415_150_000014.png,new_ds/Depth\20260715_085415_150_000014.npy,new_ds/Teacher\20260715_085415_150_000014.npy,0,0,No-Light,0
20260715_085415_150_000015,20260715_085415_150,150,train,new_ds/train\20260715_085415_150_000015.png,new_ds/Depth\20260715_085415_150_000015.npy,new_ds/Teacher\20260715_085415_150_000015.npy,0,0,No-Light,0
20260715_085415_150_000016,20260715_085415_150,150,train,new_ds/train\20260715_085415_150_000016.png,new_ds/Depth\20260715_085415_150_000016.npy,new_ds/Teacher\20260715_085415_150_000016.npy,0,0,No-Light,0
20260715_085415_150_000017,20260715_085415_150,150,train,new_ds/train\20260715_085415_150_000017.png,new_ds/Depth\20260715_085415_150_000017.npy,new_ds/Teacher\20260715_085415_150_000017.npy,0,0,No-Light,0
20260715_085448_160_000000,20260715_085448_160,160,train,new_ds/train\20260715_085448_160_000000.png,new_ds/Depth\20260715_085448_160_000000.npy,new_ds/Teacher\20260715_085448_160_000000.npy,0,0,No-Light,0
20260715_085448_160_000001,20260715_085448_160,160,train,new_ds/train\20260715_085448_160_000001.png,new_ds/Depth\20260715_085448_160_000001.npy,new_ds/Teacher\20260715_085448_160_000001.npy,1,1,No-Light,4
20260715_085448_160_000002,20260715_085448_160,160,train,new_ds/train\20260715_085448_160_000002.png,new_ds/Depth\20260715_085448_160_000002.npy,new_ds/Teacher\20260715_085448_160_000002.npy,1,1,No-Light,4
20260715_085448_160_000003,20260715_085448_160,160,train,new_ds/train\20260715_085448_160_000003.png,new_ds/Depth\20260715_085448_160_000003.npy,new_ds/Teacher\20260715_085448_160_000003.npy,1,1,No-Light,4
20260715_085448_160_000004,20260715_085448_160,160,train,new_ds/train\20260715_085448_160_000004.png,new_ds/Depth\20260715_085448_160_000004.npy,new_ds/Teacher\20260715_085448_160_000004.npy,1,1,No-Light,4
20260715_085448_160_000005,20260715_085448_160,160,train,new_ds/train\20260715_085448_160_000005.png,new_ds/Depth\20260715_085448_160_000005.npy,new_ds/Teacher\20260715_085448_160_000005.npy,1,2,No-Light,8
20260715_085448_160_000006,20260715_085448_160,160,train,new_ds/train\20260715_085448_160_000006.png,new_ds/Depth\20260715_085448_160_000006.npy,new_ds/Teacher\20260715_085448_160_000006.npy,1,2,No-Light,8
20260715_085448_160_000007,20260715_085448_160,160,train,new_ds/train\20260715_085448_160_000007.png,new_ds/Depth\20260715_085448_160_000007.npy,new_ds/Teacher\20260715_085448_160_000007.npy,1,2,No-Light,8
20260715_085448_160_000008,20260715_085448_160,160,train,new_ds/train\20260715_085448_160_000008.png,new_ds/Depth\20260715_085448_160_000008.npy,new_ds/Teacher\20260715_085448_160_000008.npy,1,2,No-Light,8
20260715_085448_160_000009,20260715_085448_160,160,train,new_ds/train\20260715_085448_160_000009.png,new_ds/Depth\20260715_085448_160_000009.npy,new_ds/Teacher\20260715_085448_160_000009.npy,1,2,No-Light,8
20260715_085448_160_000010,20260715_085448_160,160,train,new_ds/train\20260715_085448_160_000010.png,new_ds/Depth\20260715_085448_160_000010.npy,new_ds/Teacher\20260715_085448_160_000010.npy,1,2,No-Light,8
20260715_085448_160_000011,20260715_085448_160,160,train,new_ds/train\20260715_085448_160_000011.png,new_ds/Depth\20260715_085448_160_000011.npy,new_ds/Teacher\20260715_085448_160_000011.npy,0,0,No-Light,0
20260715_085448_160_000012,20260715_085448_160,160,train,new_ds/train\20260715_085448_160_000012.png,new_ds/Depth\20260715_085448_160_000012.npy,new_ds/Teacher\20260715_085448_160_000012.npy,0,0,No-Light,0
20260715_085448_160_000013,20260715_085448_160,160,train,new_ds/train\20260715_085448_160_000013.png,new_ds/Depth\20260715_085448_160_000013.npy,new_ds/Teacher\20260715_085448_160_000013.npy,0,0,No-Light,0
20260715_085448_160_000014,20260715_085448_160,160,train,new_ds/train\20260715_085448_160_000014.png,new_ds/Depth\20260715_085448_160_000014.npy,new_ds/Teacher\20260715_085448_160_000014.npy,0,0,No-Light,0
20260715_085448_160_000015,20260715_085448_160,160,train,new_ds/train\20260715_085448_160_000015.png,new_ds/Depth\20260715_085448_160_000015.npy,new_ds/Teacher\20260715_085448_160_000015.npy,0,0,No-Light,0
20260715_085448_160_000016,20260715_085448_160,160,train,new_ds/train\20260715_085448_160_000016.png,new_ds/Depth\20260715_085448_160_000016.npy,new_ds/Teacher\20260715_085448_160_000016.npy,0,0,No-Light,0
20260715_085448_160_000017,20260715_085448_160,160,train,new_ds/train\20260715_085448_160_000017.png,new_ds/Depth\20260715_085448_160_000017.npy,new_ds/Teacher\20260715_085448_160_000017.npy,0,0,No-Light,0
20260715_085532_160_000000,20260715_085532_160,160,train,new_ds/train\20260715_085532_160_000000.png,new_ds/Depth\20260715_085532_160_000000.npy,new_ds/Teacher\20260715_085532_160_000000.npy,1,1,No-Light,4
20260715_085532_160_000001,20260715_085532_160,160,train,new_ds/train\20260715_085532_160_000001.png,new_ds/Depth\20260715_085532_160_000001.npy,new_ds/Teacher\20260715_085532_160_000001.npy,1,1,No-Light,4
20260715_085532_160_000002,20260715_085532_160,160,train,new_ds/train\20260715_085532_160_000002.png,new_ds/Depth\20260715_085532_160_000002.npy,new_ds/Teacher\20260715_085532_160_000002.npy,1,1,No-Light,4
20260715_085532_160_000003,20260715_085532_160,160,train,new_ds/train\20260715_085532_160_000003.png,new_ds/Depth\20260715_085532_160_000003.npy,new_ds/Teacher\20260715_085532_160_000003.npy,1,1,No-Light,4
20260715_085532_160_000004,20260715_085532_160,160,train,new_ds/train\20260715_085532_160_000004.png,new_ds/Depth\20260715_085532_160_000004.npy,new_ds/Teacher\20260715_085532_160_000004.npy,0,0,No-Light,0
20260715_085532_160_000005,20260715_085532_160,160,train,new_ds/train\20260715_085532_160_000005.png,new_ds/Depth\20260715_085532_160_000005.npy,new_ds/Teacher\20260715_085532_160_000005.npy,0,0,No-Light,0
20260715_085532_160_000006,20260715_085532_160,160,train,new_ds/train\20260715_085532_160_000006.png,new_ds/Depth\20260715_085532_160_000006.npy,new_ds/Teacher\20260715_085532_160_000006.npy,0,0,No-Light,0
20260715_085532_160_000007,20260715_085532_160,160,train,new_ds/train\20260715_085532_160_000007.png,new_ds/Depth\20260715_085532_160_000007.npy,new_ds/Teacher\20260715_085532_160_000007.npy,0,0,No-Light,0
20260715_085532_160_000008,20260715_085532_160,160,train,new_ds/train\20260715_085532_160_000008.png,new_ds/Depth\20260715_085532_160_000008.npy,new_ds/Teacher\20260715_085532_160_000008.npy,0,0,No-Light,0
20260715_085532_160_000009,20260715_085532_160,160,train,new_ds/train\20260715_085532_160_000009.png,new_ds/Depth\20260715_085532_160_000009.npy,new_ds/Teacher\20260715_085532_160_000009.npy,0,0,No-Light,0
20260715_085532_160_000010,20260715_085532_160,160,train,new_ds/train\20260715_085532_160_000010.png,new_ds/Depth\20260715_085532_160_000010.npy,new_ds/Teacher\20260715_085532_160_000010.npy,0,0,No-Light,0
20260715_085532_160_000011,20260715_085532_160,160,train,new_ds/train\20260715_085532_160_000011.png,new_ds/Depth\20260715_085532_160_000011.npy,new_ds/Teacher\20260715_085532_160_000011.npy,0,0,No-Light,0
20260715_085532_160_000012,20260715_085532_160,160,train,new_ds/train\20260715_085532_160_000012.png,new_ds/Depth\20260715_085532_160_000012.npy,new_ds/Teacher\20260715_085532_160_000012.npy,0,0,No-Light,0
20260715_085532_160_000013,20260715_085532_160,160,train,new_ds/train\20260715_085532_160_000013.png,new_ds/Depth\20260715_085532_160_000013.npy,new_ds/Teacher\20260715_085532_160_000013.npy,0,0,No-Light,0
20260715_085532_160_000014,20260715_085532_160,160,train,new_ds/train\20260715_085532_160_000014.png,new_ds/Depth\20260715_085532_160_000014.npy,new_ds/Teacher\20260715_085532_160_000014.npy,0,0,No-Light,0
20260715_085556_160_000000,20260715_085556_160,160,train,new_ds/train\20260715_085556_160_000000.png,new_ds/Depth\20260715_085556_160_000000.npy,new_ds/Teacher\20260715_085556_160_000000.npy,0,0,No-Light,0
20260715_085556_160_000001,20260715_085556_160,160,train,new_ds/train\20260715_085556_160_000001.png,new_ds/Depth\20260715_085556_160_000001.npy,new_ds/Teacher\20260715_085556_160_000001.npy,0,0,No-Light,0
20260715_085556_160_000002,20260715_085556_160,160,train,new_ds/train\20260715_085556_160_000002.png,new_ds/Depth\20260715_085556_160_000002.npy,new_ds/Teacher\20260715_085556_160_000002.npy,1,1,No-Light,4
20260715_085556_160_000003,20260715_085556_160,160,train,new_ds/train\20260715_085556_160_000003.png,new_ds/Depth\20260715_085556_160_000003.npy,new_ds/Teacher\20260715_085556_160_000003.npy,1,1,No-Light,4
20260715_085556_160_000004,20260715_085556_160,160,train,new_ds/train\20260715_085556_160_000004.png,new_ds/Depth\20260715_085556_160_000004.npy,new_ds/Teacher\20260715_085556_160_000004.npy,1,1,No-Light,4
20260715_085556_160_000005,20260715_085556_160,160,train,new_ds/train\20260715_085556_160_000005.png,new_ds/Depth\20260715_085556_160_000005.npy,new_ds/Teacher\20260715_085556_160_000005.npy,1,1,No-Light,4
20260715_085556_160_000006,20260715_085556_160,160,train,new_ds/train\20260715_085556_160_000006.png,new_ds/Depth\20260715_085556_160_000006.npy,new_ds/Teacher\20260715_085556_160_000006.npy,1,1,No-Light,4
20260715_085556_160_000007,20260715_085556_160,160,train,new_ds/train\20260715_085556_160_000007.png,new_ds/Depth\20260715_085556_160_000007.npy,new_ds/Teacher\20260715_085556_160_000007.npy,1,2,No-Light,8
20260715_085556_160_000008,20260715_085556_160,160,train,new_ds/train\20260715_085556_160_000008.png,new_ds/Depth\20260715_085556_160_000008.npy,new_ds/Teacher\20260715_085556_160_000008.npy,1,1,No-Light,4
20260715_085556_160_000009,20260715_085556_160,160,train,new_ds/train\20260715_085556_160_000009.png,new_ds/Depth\20260715_085556_160_000009.npy,new_ds/Teacher\20260715_085556_160_000009.npy,1,1,No-Light,4
20260715_085556_160_000010,20260715_085556_160,160,train,new_ds/train\20260715_085556_160_000010.png,new_ds/Depth\20260715_085556_160_000010.npy,new_ds/Teacher\20260715_085556_160_000010.npy,1,1,No-Light,4
20260715_085556_160_000011,20260715_085556_160,160,train,new_ds/train\20260715_085556_160_000011.png,new_ds/Depth\20260715_085556_160_000011.npy,new_ds/Teacher\20260715_085556_160_000011.npy,1,1,No-Light,4
20260715_085556_160_000012,20260715_085556_160,160,train,new_ds/train\20260715_085556_160_000012.png,new_ds/Depth\20260715_085556_160_000012.npy,new_ds/Teacher\20260715_085556_160_000012.npy,1,1,No-Light,4
20260715_085556_160_000013,20260715_085556_160,160,train,new_ds/train\20260715_085556_160_000013.png,new_ds/Depth\20260715_085556_160_000013.npy,new_ds/Teacher\20260715_085556_160_000013.npy,1,1,No-Light,4
20260715_085556_160_000014,20260715_085556_160,160,train,new_ds/train\20260715_085556_160_000014.png,new_ds/Depth\20260715_085556_160_000014.npy,new_ds/Teacher\20260715_085556_160_000014.npy,1,1,No-Light,4
20260715_085556_160_000015,20260715_085556_160,160,train,new_ds/train\20260715_085556_160_000015.png,new_ds/Depth\20260715_085556_160_000015.npy,new_ds/Teacher\20260715_085556_160_000015.npy,1,1,No-Light,4
20260715_085556_160_000016,20260715_085556_160,160,train,new_ds/train\20260715_085556_160_000016.png,new_ds/Depth\20260715_085556_160_000016.npy,new_ds/Teacher\20260715_085556_160_000016.npy,1,1,No-Light,4
20260715_085625_150_000000,20260715_085625_150,150,train,new_ds/train\20260715_085625_150_000000.png,new_ds/Depth\20260715_085625_150_000000.npy,new_ds/Teacher\20260715_085625_150_000000.npy,0,0,No-Light,0
20260715_085625_150_000001,20260715_085625_150,150,train,new_ds/train\20260715_085625_150_000001.png,new_ds/Depth\20260715_085625_150_000001.npy,new_ds/Teacher\20260715_085625_150_000001.npy,0,0,No-Light,0
20260715_085625_150_000002,20260715_085625_150,150,train,new_ds/train\20260715_085625_150_000002.png,new_ds/Depth\20260715_085625_150_000002.npy,new_ds/Teacher\20260715_085625_150_000002.npy,0,0,No-Light,0
20260715_085625_150_000003,20260715_085625_150,150,train,new_ds/train\20260715_085625_150_000003.png,new_ds/Depth\20260715_085625_150_000003.npy,new_ds/Teacher\20260715_085625_150_000003.npy,0,0,No-Light,0
20260715_085625_150_000004,20260715_085625_150,150,train,new_ds/train\20260715_085625_150_000004.png,new_ds/Depth\20260715_085625_150_000004.npy,new_ds/Teacher\20260715_085625_150_000004.npy,0,0,No-Light,0
20260715_085625_150_000005,20260715_085625_150,150,train,new_ds/train\20260715_085625_150_000005.png,new_ds/Depth\20260715_085625_150_000005.npy,new_ds/Teacher\20260715_085625_150_000005.npy,1,1,No-Light,4
20260715_085625_150_000006,20260715_085625_150,150,train,new_ds/train\20260715_085625_150_000006.png,new_ds/Depth\20260715_085625_150_000006.npy,new_ds/Teacher\20260715_085625_150_000006.npy,1,1,No-Light,4
20260715_085625_150_000007,20260715_085625_150,150,train,new_ds/train\20260715_085625_150_000007.png,new_ds/Depth\20260715_085625_150_000007.npy,new_ds/Teacher\20260715_085625_150_000007.npy,1,1,No-Light,4
20260715_085625_150_000008,20260715_085625_150,150,train,new_ds/train\20260715_085625_150_000008.png,new_ds/Depth\20260715_085625_150_000008.npy,new_ds/Teacher\20260715_085625_150_000008.npy,1,1,No-Light,4
20260715_085625_150_000009,20260715_085625_150,150,train,new_ds/train\20260715_085625_150_000009.png,new_ds/Depth\20260715_085625_150_000009.npy,new_ds/Teacher\20260715_085625_150_000009.npy,1,1,No-Light,4
20260715_085625_150_000010,20260715_085625_150,150,train,new_ds/train\20260715_085625_150_000010.png,new_ds/Depth\20260715_085625_150_000010.npy,new_ds/Teacher\20260715_085625_150_000010.npy,1,1,No-Light,4
20260715_085625_150_000011,20260715_085625_150,150,train,new_ds/train\20260715_085625_150_000011.png,new_ds/Depth\20260715_085625_150_000011.npy,new_ds/Teacher\20260715_085625_150_000011.npy,1,1,No-Light,4
20260715_085625_150_000012,20260715_085625_150,150,train,new_ds/train\20260715_085625_150_000012.png,new_ds/Depth\20260715_085625_150_000012.npy,new_ds/Teacher\20260715_085625_150_000012.npy,1,1,No-Light,4
20260715_085625_150_000013,20260715_085625_150,150,train,new_ds/train\20260715_085625_150_000013.png,new_ds/Depth\20260715_085625_150_000013.npy,new_ds/Teacher\20260715_085625_150_000013.npy,1,1,No-Light,4
20260715_085625_150_000014,20260715_085625_150,150,train,new_ds/train\20260715_085625_150_000014.png,new_ds/Depth\20260715_085625_150_000014.npy,new_ds/Teacher\20260715_085625_150_000014.npy,0,0,No-Light,0
20260715_085625_150_000015,20260715_085625_150,150,train,new_ds/train\20260715_085625_150_000015.png,new_ds/Depth\20260715_085625_150_000015.npy,new_ds/Teacher\20260715_085625_150_000015.npy,0,0,No-Light,0
20260715_085625_150_000016,20260715_085625_150,150,train,new_ds/train\20260715_085625_150_000016.png,new_ds/Depth\20260715_085625_150_000016.npy,new_ds/Teacher\20260715_085625_150_000016.npy,0,0,No-Light,0
20260715_085625_150_000017,20260715_085625_150,150,train,new_ds/train\20260715_085625_150_000017.png,new_ds/Depth\20260715_085625_150_000017.npy,new_ds/Teacher\20260715_085625_150_000017.npy,0,0,No-Light,0
20260715_085625_150_000018,20260715_085625_150,150,train,new_ds/train\20260715_085625_150_000018.png,new_ds/Depth\20260715_085625_150_000018.npy,new_ds/Teacher\20260715_085625_150_000018.npy,0,0,No-Light,0
20260715_085625_150_000019,20260715_085625_150,150,train,new_ds/train\20260715_085625_150_000019.png,new_ds/Depth\20260715_085625_150_000019.npy,new_ds/Teacher\20260715_085625_150_000019.npy,0,0,No-Light,0
20260715_085625_150_000020,20260715_085625_150,150,train,new_ds/train\20260715_085625_150_000020.png,new_ds/Depth\20260715_085625_150_000020.npy,new_ds/Teacher\20260715_085625_150_000020.npy,0,0,No-Light,0
20260715_085649_150_000000,20260715_085649_150,150,train,new_ds/train\20260715_085649_150_000000.png,new_ds/Depth\20260715_085649_150_000000.npy,new_ds/Teacher\20260715_085649_150_000000.npy,0,0,No-Light,0
20260715_085649_150_000001,20260715_085649_150,150,train,new_ds/train\20260715_085649_150_000001.png,new_ds/Depth\20260715_085649_150_000001.npy,new_ds/Teacher\20260715_085649_150_000001.npy,0,0,No-Light,0
20260715_085649_150_000002,20260715_085649_150,150,train,new_ds/train\20260715_085649_150_000002.png,new_ds/Depth\20260715_085649_150_000002.npy,new_ds/Teacher\20260715_085649_150_000002.npy,0,0,No-Light,0
20260715_085649_150_000003,20260715_085649_150,150,train,new_ds/train\20260715_085649_150_000003.png,new_ds/Depth\20260715_085649_150_000003.npy,new_ds/Teacher\20260715_085649_150_000003.npy,0,0,No-Light,0
20260715_085649_150_000004,20260715_085649_150,150,train,new_ds/train\20260715_085649_150_000004.png,new_ds/Depth\20260715_085649_150_000004.npy,new_ds/Teacher\20260715_085649_150_000004.npy,1,1,No-Light,4
20260715_085649_150_000005,20260715_085649_150,150,train,new_ds/train\20260715_085649_150_000005.png,new_ds/Depth\20260715_085649_150_000005.npy,new_ds/Teacher\20260715_085649_150_000005.npy,1,1,No-Light,4
20260715_085649_150_000006,20260715_085649_150,150,train,new_ds/train\20260715_085649_150_000006.png,new_ds/Depth\20260715_085649_150_000006.npy,new_ds/Teacher\20260715_085649_150_000006.npy,1,1,No-Light,4
20260715_085649_150_000007,20260715_085649_150,150,train,new_ds/train\20260715_085649_150_000007.png,new_ds/Depth\20260715_085649_150_000007.npy,new_ds/Teacher\20260715_085649_150_000007.npy,1,1,No-Light,4
20260715_085649_150_000008,20260715_085649_150,150,train,new_ds/train\20260715_085649_150_000008.png,new_ds/Depth\20260715_085649_150_000008.npy,new_ds/Teacher\20260715_085649_150_000008.npy,1,1,No-Light,4
20260715_085649_150_000009,20260715_085649_150,150,train,new_ds/train\20260715_085649_150_000009.png,new_ds/Depth\20260715_085649_150_000009.npy,new_ds/Teacher\20260715_085649_150_000009.npy,1,1,No-Light,4
20260715_085649_150_000010,20260715_085649_150,150,train,new_ds/train\20260715_085649_150_000010.png,new_ds/Depth\20260715_085649_150_000010.npy,new_ds/Teacher\20260715_085649_150_000010.npy,1,1,No-Light,4
20260715_085649_150_000011,20260715_085649_150,150,train,new_ds/train\20260715_085649_150_000011.png,new_ds/Depth\20260715_085649_150_000011.npy,new_ds/Teacher\20260715_085649_150_000011.npy,1,1,No-Light,4
20260715_085649_150_000012,20260715_085649_150,150,train,new_ds/train\20260715_085649_150_000012.png,new_ds/Depth\20260715_085649_150_000012.npy,new_ds/Teacher\20260715_085649_150_000012.npy,1,1,No-Light,4
20260715_085649_150_000013,20260715_085649_150,150,train,new_ds/train\20260715_085649_150_000013.png,new_ds/Depth\20260715_085649_150_000013.npy,new_ds/Teacher\20260715_085649_150_000013.npy,1,1,No-Light,4
20260715_085649_150_000014,20260715_085649_150,150,train,new_ds/train\20260715_085649_150_000014.png,new_ds/Depth\20260715_085649_150_000014.npy,new_ds/Teacher\20260715_085649_150_000014.npy,1,1,No-Light,4
20260715_085649_150_000015,20260715_085649_150,150,train,new_ds/train\20260715_085649_150_000015.png,new_ds/Depth\20260715_085649_150_000015.npy,new_ds/Teacher\20260715_085649_150_000015.npy,1,1,No-Light,4
20260715_085649_150_000016,20260715_085649_150,150,train,new_ds/train\20260715_085649_150_000016.png,new_ds/Depth\20260715_085649_150_000016.npy,new_ds/Teacher\20260715_085649_150_000016.npy,1,1,No-Light,4
20260715_085649_150_000017,20260715_085649_150,150,train,new_ds/train\20260715_085649_150_000017.png,new_ds/Depth\20260715_085649_150_000017.npy,new_ds/Teacher\20260715_085649_150_000017.npy,1,1,No-Light,4
20260715_085717_140_000000,20260715_085717_140,140,train,new_ds/train\20260715_085717_140_000000.png,new_ds/Depth\20260715_085717_140_000000.npy,new_ds/Teacher\20260715_085717_140_000000.npy,1,1,No-Light,4
20260715_085717_140_000001,20260715_085717_140,140,train,new_ds/train\20260715_085717_140_000001.png,new_ds/Depth\20260715_085717_140_000001.npy,new_ds/Teacher\20260715_085717_140_000001.npy,1,1,No-Light,4
20260715_085717_140_000002,20260715_085717_140,140,train,new_ds/train\20260715_085717_140_000002.png,new_ds/Depth\20260715_085717_140_000002.npy,new_ds/Teacher\20260715_085717_140_000002.npy,1,1,No-Light,4
20260715_085717_140_000003,20260715_085717_140,140,train,new_ds/train\20260715_085717_140_000003.png,new_ds/Depth\20260715_085717_140_000003.npy,new_ds/Teacher\20260715_085717_140_000003.npy,1,1,No-Light,4
20260715_085717_140_000004,20260715_085717_140,140,train,new_ds/train\20260715_085717_140_000004.png,new_ds/Depth\20260715_085717_140_000004.npy,new_ds/Teacher\20260715_085717_140_000004.npy,1,1,No-Light,4
20260715_085717_140_000005,20260715_085717_140,140,train,new_ds/train\20260715_085717_140_000005.png,new_ds/Depth\20260715_085717_140_000005.npy,new_ds/Teacher\20260715_085717_140_000005.npy,1,1,No-Light,4
20260715_085717_140_000006,20260715_085717_140,140,train,new_ds/train\20260715_085717_140_000006.png,new_ds/Depth\20260715_085717_140_000006.npy,new_ds/Teacher\20260715_085717_140_000006.npy,1,1,No-Light,4
20260715_085717_140_000007,20260715_085717_140,140,train,new_ds/train\20260715_085717_140_000007.png,new_ds/Depth\20260715_085717_140_000007.npy,new_ds/Teacher\20260715_085717_140_000007.npy,0,0,No-Light,0
20260715_085717_140_000008,20260715_085717_140,140,train,new_ds/train\20260715_085717_140_000008.png,new_ds/Depth\20260715_085717_140_000008.npy,new_ds/Teacher\20260715_085717_140_000008.npy,0,0,No-Light,0
20260715_085717_140_000009,20260715_085717_140,140,train,new_ds/train\20260715_085717_140_000009.png,new_ds/Depth\20260715_085717_140_000009.npy,new_ds/Teacher\20260715_085717_140_000009.npy,0,0,No-Light,0
20260715_085717_140_000010,20260715_085717_140,140,train,new_ds/train\20260715_085717_140_000010.png,new_ds/Depth\20260715_085717_140_000010.npy,new_ds/Teacher\20260715_085717_140_000010.npy,0,0,No-Light,0
20260715_085717_140_000011,20260715_085717_140,140,train,new_ds/train\20260715_085717_140_000011.png,new_ds/Depth\20260715_085717_140_000011.npy,new_ds/Teacher\20260715_085717_140_000011.npy,0,0,No-Light,0
20260715_085717_140_000012,20260715_085717_140,140,train,new_ds/train\20260715_085717_140_000012.png,new_ds/Depth\20260715_085717_140_000012.npy,new_ds/Teacher\20260715_085717_140_000012.npy,0,0,No-Light,0
20260715_085717_140_000013,20260715_085717_140,140,train,new_ds/train\20260715_085717_140_000013.png,new_ds/Depth\20260715_085717_140_000013.npy,new_ds/Teacher\20260715_085717_140_000013.npy,0,0,No-Light,0
20260715_085717_140_000014,20260715_085717_140,140,train,new_ds/train\20260715_085717_140_000014.png,new_ds/Depth\20260715_085717_140_000014.npy,new_ds/Teacher\20260715_085717_140_000014.npy,0,0,No-Light,0
20260715_085717_140_000015,20260715_085717_140,140,train,new_ds/train\20260715_085717_140_000015.png,new_ds/Depth\20260715_085717_140_000015.npy,new_ds/Teacher\20260715_085717_140_000015.npy,0,0,No-Light,0
20260715_085717_140_000016,20260715_085717_140,140,train,new_ds/train\20260715_085717_140_000016.png,new_ds/Depth\20260715_085717_140_000016.npy,new_ds/Teacher\20260715_085717_140_000016.npy,0,0,No-Light,0
20260715_085717_140_000017,20260715_085717_140,140,train,new_ds/train\20260715_085717_140_000017.png,new_ds/Depth\20260715_085717_140_000017.npy,new_ds/Teacher\20260715_085717_140_000017.npy,0,0,No-Light,0
20260715_085741_140_000000,20260715_085741_140,140,train,new_ds/train\20260715_085741_140_000000.png,new_ds/Depth\20260715_085741_140_000000.npy,new_ds/Teacher\20260715_085741_140_000000.npy,0,0,No-Light,0
20260715_085741_140_000001,20260715_085741_140,140,train,new_ds/train\20260715_085741_140_000001.png,new_ds/Depth\20260715_085741_140_000001.npy,new_ds/Teacher\20260715_085741_140_000001.npy,0,0,No-Light,0
20260715_085741_140_000002,20260715_085741_140,140,train,new_ds/train\20260715_085741_140_000002.png,new_ds/Depth\20260715_085741_140_000002.npy,new_ds/Teacher\20260715_085741_140_000002.npy,0,0,No-Light,0
20260715_085741_140_000003,20260715_085741_140,140,train,new_ds/train\20260715_085741_140_000003.png,new_ds/Depth\20260715_085741_140_000003.npy,new_ds/Teacher\20260715_085741_140_000003.npy,1,1,No-Light,4
20260715_085741_140_000004,20260715_085741_140,140,train,new_ds/train\20260715_085741_140_000004.png,new_ds/Depth\20260715_085741_140_000004.npy,new_ds/Teacher\20260715_085741_140_000004.npy,1,1,No-Light,4
20260715_085741_140_000005,20260715_085741_140,140,train,new_ds/train\20260715_085741_140_000005.png,new_ds/Depth\20260715_085741_140_000005.npy,new_ds/Teacher\20260715_085741_140_000005.npy,1,1,No-Light,4
20260715_085741_140_000006,20260715_085741_140,140,train,new_ds/train\20260715_085741_140_000006.png,new_ds/Depth\20260715_085741_140_000006.npy,new_ds/Teacher\20260715_085741_140_000006.npy,1,1,No-Light,4
20260715_085741_140_000007,20260715_085741_140,140,train,new_ds/train\20260715_085741_140_000007.png,new_ds/Depth\20260715_085741_140_000007.npy,new_ds/Teacher\20260715_085741_140_000007.npy,1,1,No-Light,4
20260715_085741_140_000008,20260715_085741_140,140,train,new_ds/train\20260715_085741_140_000008.png,new_ds/Depth\20260715_085741_140_000008.npy,new_ds/Teacher\20260715_085741_140_000008.npy,1,1,No-Light,4
20260715_085741_140_000009,20260715_085741_140,140,train,new_ds/train\20260715_085741_140_000009.png,new_ds/Depth\20260715_085741_140_000009.npy,new_ds/Teacher\20260715_085741_140_000009.npy,1,1,No-Light,4
20260715_085741_140_000010,20260715_085741_140,140,train,new_ds/train\20260715_085741_140_000010.png,new_ds/Depth\20260715_085741_140_000010.npy,new_ds/Teacher\20260715_085741_140_000010.npy,1,1,No-Light,4
20260715_085741_140_000011,20260715_085741_140,140,train,new_ds/train\20260715_085741_140_000011.png,new_ds/Depth\20260715_085741_140_000011.npy,new_ds/Teacher\20260715_085741_140_000011.npy,1,1,No-Light,4
20260715_085741_140_000012,20260715_085741_140,140,train,new_ds/train\20260715_085741_140_000012.png,new_ds/Depth\20260715_085741_140_000012.npy,new_ds/Teacher\20260715_085741_140_000012.npy,0,0,No-Light,0
20260715_085741_140_000013,20260715_085741_140,140,train,new_ds/train\20260715_085741_140_000013.png,new_ds/Depth\20260715_085741_140_000013.npy,new_ds/Teacher\20260715_085741_140_000013.npy,1,1,No-Light,4
20260715_085741_140_000014,20260715_085741_140,140,train,new_ds/train\20260715_085741_140_000014.png,new_ds/Depth\20260715_085741_140_000014.npy,new_ds/Teacher\20260715_085741_140_000014.npy,1,1,No-Light,4
20260715_085741_140_000015,20260715_085741_140,140,train,new_ds/train\20260715_085741_140_000015.png,new_ds/Depth\20260715_085741_140_000015.npy,new_ds/Teacher\20260715_085741_140_000015.npy,1,1,No-Light,4
20260715_085741_140_000016,20260715_085741_140,140,train,new_ds/train\20260715_085741_140_000016.png,new_ds/Depth\20260715_085741_140_000016.npy,new_ds/Teacher\20260715_085741_140_000016.npy,1,1,No-Light,4
20260715_085741_140_000017,20260715_085741_140,140,train,new_ds/train\20260715_085741_140_000017.png,new_ds/Depth\20260715_085741_140_000017.npy,new_ds/Teacher\20260715_085741_140_000017.npy,1,1,No-Light,4
20260715_085812_130_000000,20260715_085812_130,130,train,new_ds/train\20260715_085812_130_000000.png,new_ds/Depth\20260715_085812_130_000000.npy,new_ds/Teacher\20260715_085812_130_000000.npy,1,1,No-Light,4
20260715_085812_130_000001,20260715_085812_130,130,train,new_ds/train\20260715_085812_130_000001.png,new_ds/Depth\20260715_085812_130_000001.npy,new_ds/Teacher\20260715_085812_130_000001.npy,1,1,No-Light,4
20260715_085812_130_000002,20260715_085812_130,130,train,new_ds/train\20260715_085812_130_000002.png,new_ds/Depth\20260715_085812_130_000002.npy,new_ds/Teacher\20260715_085812_130_000002.npy,1,1,No-Light,4
20260715_085812_130_000003,20260715_085812_130,130,train,new_ds/train\20260715_085812_130_000003.png,new_ds/Depth\20260715_085812_130_000003.npy,new_ds/Teacher\20260715_085812_130_000003.npy,1,1,No-Light,4
20260715_085812_130_000004,20260715_085812_130,130,train,new_ds/train\20260715_085812_130_000004.png,new_ds/Depth\20260715_085812_130_000004.npy,new_ds/Teacher\20260715_085812_130_000004.npy,1,1,No-Light,4
20260715_085812_130_000005,20260715_085812_130,130,train,new_ds/train\20260715_085812_130_000005.png,new_ds/Depth\20260715_085812_130_000005.npy,new_ds/Teacher\20260715_085812_130_000005.npy,1,1,No-Light,4
20260715_085812_130_000006,20260715_085812_130,130,train,new_ds/train\20260715_085812_130_000006.png,new_ds/Depth\20260715_085812_130_000006.npy,new_ds/Teacher\20260715_085812_130_000006.npy,1,1,No-Light,4
20260715_085812_130_000007,20260715_085812_130,130,train,new_ds/train\20260715_085812_130_000007.png,new_ds/Depth\20260715_085812_130_000007.npy,new_ds/Teacher\20260715_085812_130_000007.npy,1,1,No-Light,4
20260715_085812_130_000008,20260715_085812_130,130,train,new_ds/train\20260715_085812_130_000008.png,new_ds/Depth\20260715_085812_130_000008.npy,new_ds/Teacher\20260715_085812_130_000008.npy,1,1,No-Light,4
20260715_085812_130_000009,20260715_085812_130,130,train,new_ds/train\20260715_085812_130_000009.png,new_ds/Depth\20260715_085812_130_000009.npy,new_ds/Teacher\20260715_085812_130_000009.npy,0,0,No-Light,0
20260715_085812_130_000010,20260715_085812_130,130,train,new_ds/train\20260715_085812_130_000010.png,new_ds/Depth\20260715_085812_130_000010.npy,new_ds/Teacher\20260715_085812_130_000010.npy,0,0,No-Light,0
20260715_085812_130_000011,20260715_085812_130,130,train,new_ds/train\20260715_085812_130_000011.png,new_ds/Depth\20260715_085812_130_000011.npy,new_ds/Teacher\20260715_085812_130_000011.npy,0,0,No-Light,0
20260715_085812_130_000012,20260715_085812_130,130,train,new_ds/train\20260715_085812_130_000012.png,new_ds/Depth\20260715_085812_130_000012.npy,new_ds/Teacher\20260715_085812_130_000012.npy,0,0,No-Light,0
20260715_085812_130_000013,20260715_085812_130,130,train,new_ds/train\20260715_085812_130_000013.png,new_ds/Depth\20260715_085812_130_000013.npy,new_ds/Teacher\20260715_085812_130_000013.npy,0,0,No-Light,0
20260715_085812_130_000014,20260715_085812_130,130,train,new_ds/train\20260715_085812_130_000014.png,new_ds/Depth\20260715_085812_130_000014.npy,new_ds/Teacher\20260715_085812_130_000014.npy,0,0,No-Light,0
20260715_085812_130_000015,20260715_085812_130,130,train,new_ds/train\20260715_085812_130_000015.png,new_ds/Depth\20260715_085812_130_000015.npy,new_ds/Teacher\20260715_085812_130_000015.npy,0,0,No-Light,0
20260715_085812_130_000016,20260715_085812_130,130,train,new_ds/train\20260715_085812_130_000016.png,new_ds/Depth\20260715_085812_130_000016.npy,new_ds/Teacher\20260715_085812_130_000016.npy,0,0,No-Light,0
20260715_085812_130_000017,20260715_085812_130,130,train,new_ds/train\20260715_085812_130_000017.png,new_ds/Depth\20260715_085812_130_000017.npy,new_ds/Teacher\20260715_085812_130_000017.npy,0,0,No-Light,0
20260715_085812_130_000018,20260715_085812_130,130,train,new_ds/train\20260715_085812_130_000018.png,new_ds/Depth\20260715_085812_130_000018.npy,new_ds/Teacher\20260715_085812_130_000018.npy,0,0,No-Light,0
20260715_085836_130_000000,20260715_085836_130,130,train,new_ds/train\20260715_085836_130_000000.png,new_ds/Depth\20260715_085836_130_000000.npy,new_ds/Teacher\20260715_085836_130_000000.npy,0,0,No-Light,0
20260715_085836_130_000001,20260715_085836_130,130,train,new_ds/train\20260715_085836_130_000001.png,new_ds/Depth\20260715_085836_130_000001.npy,new_ds/Teacher\20260715_085836_130_000001.npy,1,1,No-Light,4
20260715_085836_130_000002,20260715_085836_130,130,train,new_ds/train\20260715_085836_130_000002.png,new_ds/Depth\20260715_085836_130_000002.npy,new_ds/Teacher\20260715_085836_130_000002.npy,1,1,No-Light,4
20260715_085836_130_000003,20260715_085836_130,130,train,new_ds/train\20260715_085836_130_000003.png,new_ds/Depth\20260715_085836_130_000003.npy,new_ds/Teacher\20260715_085836_130_000003.npy,1,1,No-Light,4
20260715_085836_130_000004,20260715_085836_130,130,train,new_ds/train\20260715_085836_130_000004.png,new_ds/Depth\20260715_085836_130_000004.npy,new_ds/Teacher\20260715_085836_130_000004.npy,1,1,No-Light,4
20260715_085836_130_000005,20260715_085836_130,130,train,new_ds/train\20260715_085836_130_000005.png,new_ds/Depth\20260715_085836_130_000005.npy,new_ds/Teacher\20260715_085836_130_000005.npy,1,1,No-Light,4
20260715_085836_130_000006,20260715_085836_130,130,train,new_ds/train\20260715_085836_130_000006.png,new_ds/Depth\20260715_085836_130_000006.npy,new_ds/Teacher\20260715_085836_130_000006.npy,1,1,No-Light,4
20260715_085836_130_000007,20260715_085836_130,130,train,new_ds/train\20260715_085836_130_000007.png,new_ds/Depth\20260715_085836_130_000007.npy,new_ds/Teacher\20260715_085836_130_000007.npy,1,1,No-Light,4
20260715_085836_130_000008,20260715_085836_130,130,train,new_ds/train\20260715_085836_130_000008.png,new_ds/Depth\20260715_085836_130_000008.npy,new_ds/Teacher\20260715_085836_130_000008.npy,1,1,No-Light,4
20260715_085836_130_000009,20260715_085836_130,130,train,new_ds/train\20260715_085836_130_000009.png,new_ds/Depth\20260715_085836_130_000009.npy,new_ds/Teacher\20260715_085836_130_000009.npy,1,1,No-Light,4
20260715_085836_130_000010,20260715_085836_130,130,train,new_ds/train\20260715_085836_130_000010.png,new_ds/Depth\20260715_085836_130_000010.npy,new_ds/Teacher\20260715_085836_130_000010.npy,1,1,No-Light,4
20260715_085836_130_000011,20260715_085836_130,130,train,new_ds/train\20260715_085836_130_000011.png,new_ds/Depth\20260715_085836_130_000011.npy,new_ds/Teacher\20260715_085836_130_000011.npy,1,1,No-Light,4
20260715_085836_130_000012,20260715_085836_130,130,train,new_ds/train\20260715_085836_130_000012.png,new_ds/Depth\20260715_085836_130_000012.npy,new_ds/Teacher\20260715_085836_130_000012.npy,0,0,No-Light,0
20260715_085836_130_000013,20260715_085836_130,130,train,new_ds/train\20260715_085836_130_000013.png,new_ds/Depth\20260715_085836_130_000013.npy,new_ds/Teacher\20260715_085836_130_000013.npy,0,0,No-Light,0
20260715_085836_130_000014,20260715_085836_130,130,train,new_ds/train\20260715_085836_130_000014.png,new_ds/Depth\20260715_085836_130_000014.npy,new_ds/Teacher\20260715_085836_130_000014.npy,0,0,No-Light,0
20260715_085836_130_000015,20260715_085836_130,130,train,new_ds/train\20260715_085836_130_000015.png,new_ds/Depth\20260715_085836_130_000015.npy,new_ds/Teacher\20260715_085836_130_000015.npy,1,1,No-Light,4
20260715_085836_130_000016,20260715_085836_130,130,train,new_ds/train\20260715_085836_130_000016.png,new_ds/Depth\20260715_085836_130_000016.npy,new_ds/Teacher\20260715_085836_130_000016.npy,1,1,No-Light,4
20260715_085836_130_000017,20260715_085836_130,130,train,new_ds/train\20260715_085836_130_000017.png,new_ds/Depth\20260715_085836_130_000017.npy,new_ds/Teacher\20260715_085836_130_000017.npy,0,0,No-Light,0
20260715_085907_120_000000,20260715_085907_120,120,train,new_ds/train\20260715_085907_120_000000.png,new_ds/Depth\20260715_085907_120_000000.npy,new_ds/Teacher\20260715_085907_120_000000.npy,1,1,No-Light,4
20260715_085907_120_000001,20260715_085907_120,120,train,new_ds/train\20260715_085907_120_000001.png,new_ds/Depth\20260715_085907_120_000001.npy,new_ds/Teacher\20260715_085907_120_000001.npy,1,1,No-Light,4
20260715_085907_120_000002,20260715_085907_120,120,train,new_ds/train\20260715_085907_120_000002.png,new_ds/Depth\20260715_085907_120_000002.npy,new_ds/Teacher\20260715_085907_120_000002.npy,1,1,No-Light,4
20260715_085907_120_000003,20260715_085907_120,120,train,new_ds/train\20260715_085907_120_000003.png,new_ds/Depth\20260715_085907_120_000003.npy,new_ds/Teacher\20260715_085907_120_000003.npy,1,1,No-Light,4
20260715_085907_120_000004,20260715_085907_120,120,train,new_ds/train\20260715_085907_120_000004.png,new_ds/Depth\20260715_085907_120_000004.npy,new_ds/Teacher\20260715_085907_120_000004.npy,1,1,No-Light,4
20260715_085907_120_000005,20260715_085907_120,120,train,new_ds/train\20260715_085907_120_000005.png,new_ds/Depth\20260715_085907_120_000005.npy,new_ds/Teacher\20260715_085907_120_000005.npy,1,1,No-Light,4
20260715_085907_120_000006,20260715_085907_120,120,train,new_ds/train\20260715_085907_120_000006.png,new_ds/Depth\20260715_085907_120_000006.npy,new_ds/Teacher\20260715_085907_120_000006.npy,1,1,No-Light,4
20260715_085907_120_000007,20260715_085907_120,120,train,new_ds/train\20260715_085907_120_000007.png,new_ds/Depth\20260715_085907_120_000007.npy,new_ds/Teacher\20260715_085907_120_000007.npy,1,1,No-Light,4
20260715_085907_120_000008,20260715_085907_120,120,train,new_ds/train\20260715_085907_120_000008.png,new_ds/Depth\20260715_085907_120_000008.npy,new_ds/Teacher\20260715_085907_120_000008.npy,0,0,No-Light,0
20260715_085907_120_000009,20260715_085907_120,120,train,new_ds/train\20260715_085907_120_000009.png,new_ds/Depth\20260715_085907_120_000009.npy,new_ds/Teacher\20260715_085907_120_000009.npy,0,0,No-Light,0
20260715_085907_120_000010,20260715_085907_120,120,train,new_ds/train\20260715_085907_120_000010.png,new_ds/Depth\20260715_085907_120_000010.npy,new_ds/Teacher\20260715_085907_120_000010.npy,0,0,No-Light,0
20260715_085907_120_000011,20260715_085907_120,120,train,new_ds/train\20260715_085907_120_000011.png,new_ds/Depth\20260715_085907_120_000011.npy,new_ds/Teacher\20260715_085907_120_000011.npy,0,0,No-Light,0
20260715_085907_120_000012,20260715_085907_120,120,train,new_ds/train\20260715_085907_120_000012.png,new_ds/Depth\20260715_085907_120_000012.npy,new_ds/Teacher\20260715_085907_120_000012.npy,0,0,No-Light,0
20260715_085907_120_000013,20260715_085907_120,120,train,new_ds/train\20260715_085907_120_000013.png,new_ds/Depth\20260715_085907_120_000013.npy,new_ds/Teacher\20260715_085907_120_000013.npy,0,0,No-Light,0
20260715_085907_120_000014,20260715_085907_120,120,train,new_ds/train\20260715_085907_120_000014.png,new_ds/Depth\20260715_085907_120_000014.npy,new_ds/Teacher\20260715_085907_120_000014.npy,0,0,No-Light,0
20260715_085907_120_000015,20260715_085907_120,120,train,new_ds/train\20260715_085907_120_000015.png,new_ds/Depth\20260715_085907_120_000015.npy,new_ds/Teacher\20260715_085907_120_000015.npy,0,0,No-Light,0
20260715_085907_120_000016,20260715_085907_120,120,train,new_ds/train\20260715_085907_120_000016.png,new_ds/Depth\20260715_085907_120_000016.npy,new_ds/Teacher\20260715_085907_120_000016.npy,0,0,No-Light,0
20260715_085907_120_000017,20260715_085907_120,120,train,new_ds/train\20260715_085907_120_000017.png,new_ds/Depth\20260715_085907_120_000017.npy,new_ds/Teacher\20260715_085907_120_000017.npy,0,0,No-Light,0
20260715_085930_120_000000,20260715_085930_120,120,train,new_ds/train\20260715_085930_120_000000.png,new_ds/Depth\20260715_085930_120_000000.npy,new_ds/Teacher\20260715_085930_120_000000.npy,0,0,No-Light,0
20260715_085930_120_000001,20260715_085930_120,120,train,new_ds/train\20260715_085930_120_000001.png,new_ds/Depth\20260715_085930_120_000001.npy,new_ds/Teacher\20260715_085930_120_000001.npy,0,0,No-Light,0
20260715_085930_120_000002,20260715_085930_120,120,train,new_ds/train\20260715_085930_120_000002.png,new_ds/Depth\20260715_085930_120_000002.npy,new_ds/Teacher\20260715_085930_120_000002.npy,0,0,No-Light,0
20260715_085930_120_000003,20260715_085930_120,120,train,new_ds/train\20260715_085930_120_000003.png,new_ds/Depth\20260715_085930_120_000003.npy,new_ds/Teacher\20260715_085930_120_000003.npy,0,0,No-Light,0
20260715_085930_120_000004,20260715_085930_120,120,train,new_ds/train\20260715_085930_120_000004.png,new_ds/Depth\20260715_085930_120_000004.npy,new_ds/Teacher\20260715_085930_120_000004.npy,1,1,No-Light,4
20260715_085930_120_000005,20260715_085930_120,120,train,new_ds/train\20260715_085930_120_000005.png,new_ds/Depth\20260715_085930_120_000005.npy,new_ds/Teacher\20260715_085930_120_000005.npy,1,1,No-Light,4
20260715_085930_120_000006,20260715_085930_120,120,train,new_ds/train\20260715_085930_120_000006.png,new_ds/Depth\20260715_085930_120_000006.npy,new_ds/Teacher\20260715_085930_120_000006.npy,1,1,No-Light,4
20260715_085930_120_000007,20260715_085930_120,120,train,new_ds/train\20260715_085930_120_000007.png,new_ds/Depth\20260715_085930_120_000007.npy,new_ds/Teacher\20260715_085930_120_000007.npy,1,1,No-Light,4
20260715_085930_120_000008,20260715_085930_120,120,train,new_ds/train\20260715_085930_120_000008.png,new_ds/Depth\20260715_085930_120_000008.npy,new_ds/Teacher\20260715_085930_120_000008.npy,1,1,No-Light,4
20260715_085930_120_000009,20260715_085930_120,120,train,new_ds/train\20260715_085930_120_000009.png,new_ds/Depth\20260715_085930_120_000009.npy,new_ds/Teacher\20260715_085930_120_000009.npy,1,1,No-Light,4
20260715_085930_120_000010,20260715_085930_120,120,train,new_ds/train\20260715_085930_120_000010.png,new_ds/Depth\20260715_085930_120_000010.npy,new_ds/Teacher\20260715_085930_120_000010.npy,1,1,No-Light,4
20260715_085930_120_000011,20260715_085930_120,120,train,new_ds/train\20260715_085930_120_000011.png,new_ds/Depth\20260715_085930_120_000011.npy,new_ds/Teacher\20260715_085930_120_000011.npy,1,1,No-Light,4
20260715_085930_120_000012,20260715_085930_120,120,train,new_ds/train\20260715_085930_120_000012.png,new_ds/Depth\20260715_085930_120_000012.npy,new_ds/Teacher\20260715_085930_120_000012.npy,1,1,No-Light,4
20260715_085930_120_000013,20260715_085930_120,120,train,new_ds/train\20260715_085930_120_000013.png,new_ds/Depth\20260715_085930_120_000013.npy,new_ds/Teacher\20260715_085930_120_000013.npy,1,1,No-Light,4
20260715_085930_120_000014,20260715_085930_120,120,train,new_ds/train\20260715_085930_120_000014.png,new_ds/Depth\20260715_085930_120_000014.npy,new_ds/Teacher\20260715_085930_120_000014.npy,1,1,No-Light,4
20260715_085930_120_000015,20260715_085930_120,120,train,new_ds/train\20260715_085930_120_000015.png,new_ds/Depth\20260715_085930_120_000015.npy,new_ds/Teacher\20260715_085930_120_000015.npy,1,1,No-Light,4
20260715_085930_120_000016,20260715_085930_120,120,train,new_ds/train\20260715_085930_120_000016.png,new_ds/Depth\20260715_085930_120_000016.npy,new_ds/Teacher\20260715_085930_120_000016.npy,1,1,No-Light,4
20260715_085930_120_000017,20260715_085930_120,120,train,new_ds/train\20260715_085930_120_000017.png,new_ds/Depth\20260715_085930_120_000017.npy,new_ds/Teacher\20260715_085930_120_000017.npy,1,1,No-Light,4
20260715_090014_120_000000,20260715_090014_120,120,train,new_ds/train\20260715_090014_120_000000.png,new_ds/Depth\20260715_090014_120_000000.npy,new_ds/Teacher\20260715_090014_120_000000.npy,1,2,No-Light,8
20260715_090014_120_000001,20260715_090014_120,120,train,new_ds/train\20260715_090014_120_000001.png,new_ds/Depth\20260715_090014_120_000001.npy,new_ds/Teacher\20260715_090014_120_000001.npy,1,2,No-Light,8
20260715_090014_120_000002,20260715_090014_120,120,train,new_ds/train\20260715_090014_120_000002.png,new_ds/Depth\20260715_090014_120_000002.npy,new_ds/Teacher\20260715_090014_120_000002.npy,1,2,No-Light,8
20260715_090014_120_000003,20260715_090014_120,120,train,new_ds/train\20260715_090014_120_000003.png,new_ds/Depth\20260715_090014_120_000003.npy,new_ds/Teacher\20260715_090014_120_000003.npy,1,2,No-Light,8
20260715_090014_120_000004,20260715_090014_120,120,train,new_ds/train\20260715_090014_120_000004.png,new_ds/Depth\20260715_090014_120_000004.npy,new_ds/Teacher\20260715_090014_120_000004.npy,1,2,No-Light,8
20260715_090014_120_000005,20260715_090014_120,120,train,new_ds/train\20260715_090014_120_000005.png,new_ds/Depth\20260715_090014_120_000005.npy,new_ds/Teacher\20260715_090014_120_000005.npy,1,2,No-Light,8
20260715_090014_120_000006,20260715_090014_120,120,train,new_ds/train\20260715_090014_120_000006.png,new_ds/Depth\20260715_090014_120_000006.npy,new_ds/Teacher\20260715_090014_120_000006.npy,1,1,No-Light,4
20260715_090014_120_000007,20260715_090014_120,120,train,new_ds/train\20260715_090014_120_000007.png,new_ds/Depth\20260715_090014_120_000007.npy,new_ds/Teacher\20260715_090014_120_000007.npy,0,0,No-Light,0
20260715_090014_120_000008,20260715_090014_120,120,train,new_ds/train\20260715_090014_120_000008.png,new_ds/Depth\20260715_090014_120_000008.npy,new_ds/Teacher\20260715_090014_120_000008.npy,0,0,No-Light,0
20260715_090014_120_000009,20260715_090014_120,120,train,new_ds/train\20260715_090014_120_000009.png,new_ds/Depth\20260715_090014_120_000009.npy,new_ds/Teacher\20260715_090014_120_000009.npy,0,0,No-Light,0
20260715_090014_120_000010,20260715_090014_120,120,train,new_ds/train\20260715_090014_120_000010.png,new_ds/Depth\20260715_090014_120_000010.npy,new_ds/Teacher\20260715_090014_120_000010.npy,0,0,No-Light,0
20260715_090014_120_000011,20260715_090014_120,120,train,new_ds/train\20260715_090014_120_000011.png,new_ds/Depth\20260715_090014_120_000011.npy,new_ds/Teacher\20260715_090014_120_000011.npy,0,0,No-Light,0
20260715_090014_120_000012,20260715_090014_120,120,train,new_ds/train\20260715_090014_120_000012.png,new_ds/Depth\20260715_090014_120_000012.npy,new_ds/Teacher\20260715_090014_120_000012.npy,0,0,No-Light,0
20260715_090014_120_000013,20260715_090014_120,120,train,new_ds/train\20260715_090014_120_000013.png,new_ds/Depth\20260715_090014_120_000013.npy,new_ds/Teacher\20260715_090014_120_000013.npy,0,0,No-Light,0
20260715_090014_120_000014,20260715_090014_120,120,train,new_ds/train\20260715_090014_120_000014.png,new_ds/Depth\20260715_090014_120_000014.npy,new_ds/Teacher\20260715_090014_120_000014.npy,0,0,No-Light,0
20260715_090014_120_000015,20260715_090014_120,120,train,new_ds/train\20260715_090014_120_000015.png,new_ds/Depth\20260715_090014_120_000015.npy,new_ds/Teacher\20260715_090014_120_000015.npy,0,0,No-Light,0
20260715_090014_120_000016,20260715_090014_120,120,train,new_ds/train\20260715_090014_120_000016.png,new_ds/Depth\20260715_090014_120_000016.npy,new_ds/Teacher\20260715_090014_120_000016.npy,0,0,No-Light,0
20260715_090014_120_000017,20260715_090014_120,120,train,new_ds/train\20260715_090014_120_000017.png,new_ds/Depth\20260715_090014_120_000017.npy,new_ds/Teacher\20260715_090014_120_000017.npy,0,0,No-Light,0
20260715_090042_130_000000,20260715_090042_130,130,train,new_ds/train\20260715_090042_130_000000.png,new_ds/Depth\20260715_090042_130_000000.npy,new_ds/Teacher\20260715_090042_130_000000.npy,1,2,No-Light,8
20260715_090042_130_000001,20260715_090042_130,130,train,new_ds/train\20260715_090042_130_000001.png,new_ds/Depth\20260715_090042_130_000001.npy,new_ds/Teacher\20260715_090042_130_000001.npy,1,2,No-Light,8
20260715_090042_130_000002,20260715_090042_130,130,train,new_ds/train\20260715_090042_130_000002.png,new_ds/Depth\20260715_090042_130_000002.npy,new_ds/Teacher\20260715_090042_130_000002.npy,1,2,No-Light,8
20260715_090042_130_000003,20260715_090042_130,130,train,new_ds/train\20260715_090042_130_000003.png,new_ds/Depth\20260715_090042_130_000003.npy,new_ds/Teacher\20260715_090042_130_000003.npy,1,1,No-Light,4
20260715_090042_130_000004,20260715_090042_130,130,train,new_ds/train\20260715_090042_130_000004.png,new_ds/Depth\20260715_090042_130_000004.npy,new_ds/Teacher\20260715_090042_130_000004.npy,1,1,No-Light,4
20260715_090042_130_000005,20260715_090042_130,130,train,new_ds/train\20260715_090042_130_000005.png,new_ds/Depth\20260715_090042_130_000005.npy,new_ds/Teacher\20260715_090042_130_000005.npy,1,1,No-Light,4
20260715_090042_130_000006,20260715_090042_130,130,train,new_ds/train\20260715_090042_130_000006.png,new_ds/Depth\20260715_090042_130_000006.npy,new_ds/Teacher\20260715_090042_130_000006.npy,0,0,No-Light,0
20260715_090042_130_000007,20260715_090042_130,130,train,new_ds/train\20260715_090042_130_000007.png,new_ds/Depth\20260715_090042_130_000007.npy,new_ds/Teacher\20260715_090042_130_000007.npy,0,0,No-Light,0
20260715_090042_130_000008,20260715_090042_130,130,train,new_ds/train\20260715_090042_130_000008.png,new_ds/Depth\20260715_090042_130_000008.npy,new_ds/Teacher\20260715_090042_130_000008.npy,0,0,No-Light,0
20260715_090042_130_000009,20260715_090042_130,130,train,new_ds/train\20260715_090042_130_000009.png,new_ds/Depth\20260715_090042_130_000009.npy,new_ds/Teacher\20260715_090042_130_000009.npy,0,0,No-Light,0
20260715_090042_130_000010,20260715_090042_130,130,train,new_ds/train\20260715_090042_130_000010.png,new_ds/Depth\20260715_090042_130_000010.npy,new_ds/Teacher\20260715_090042_130_000010.npy,0,0,No-Light,0
20260715_090042_130_000011,20260715_090042_130,130,train,new_ds/train\20260715_090042_130_000011.png,new_ds/Depth\20260715_090042_130_000011.npy,new_ds/Teacher\20260715_090042_130_000011.npy,0,0,No-Light,0
20260715_090042_130_000012,20260715_090042_130,130,train,new_ds/train\20260715_090042_130_000012.png,new_ds/Depth\20260715_090042_130_000012.npy,new_ds/Teacher\20260715_090042_130_000012.npy,0,0,No-Light,0
20260715_090042_130_000013,20260715_090042_130,130,train,new_ds/train\20260715_090042_130_000013.png,new_ds/Depth\20260715_090042_130_000013.npy,new_ds/Teacher\20260715_090042_130_000013.npy,0,0,No-Light,0
20260715_090042_130_000014,20260715_090042_130,130,train,new_ds/train\20260715_090042_130_000014.png,new_ds/Depth\20260715_090042_130_000014.npy,new_ds/Teacher\20260715_090042_130_000014.npy,0,0,No-Light,0
20260715_090042_130_000015,20260715_090042_130,130,train,new_ds/train\20260715_090042_130_000015.png,new_ds/Depth\20260715_090042_130_000015.npy,new_ds/Teacher\20260715_090042_130_000015.npy,0,0,No-Light,0
20260715_090042_130_000016,20260715_090042_130,130,train,new_ds/train\20260715_090042_130_000016.png,new_ds/Depth\20260715_090042_130_000016.npy,new_ds/Teacher\20260715_090042_130_000016.npy,0,0,No-Light,0
20260715_090042_130_000017,20260715_090042_130,130,train,new_ds/train\20260715_090042_130_000017.png,new_ds/Depth\20260715_090042_130_000017.npy,new_ds/Teacher\20260715_090042_130_000017.npy,0,0,No-Light,0
20260715_090112_140_000000,20260715_090112_140,140,train,new_ds/train\20260715_090112_140_000000.png,new_ds/Depth\20260715_090112_140_000000.npy,new_ds/Teacher\20260715_090112_140_000000.npy,1,1,No-Light,4
20260715_090112_140_000001,20260715_090112_140,140,train,new_ds/train\20260715_090112_140_000001.png,new_ds/Depth\20260715_090112_140_000001.npy,new_ds/Teacher\20260715_090112_140_000001.npy,1,2,No-Light,8
20260715_090112_140_000002,20260715_090112_140,140,train,new_ds/train\20260715_090112_140_000002.png,new_ds/Depth\20260715_090112_140_000002.npy,new_ds/Teacher\20260715_090112_140_000002.npy,1,2,No-Light,8
20260715_090112_140_000003,20260715_090112_140,140,train,new_ds/train\20260715_090112_140_000003.png,new_ds/Depth\20260715_090112_140_000003.npy,new_ds/Teacher\20260715_090112_140_000003.npy,1,2,No-Light,8
20260715_090112_140_000004,20260715_090112_140,140,train,new_ds/train\20260715_090112_140_000004.png,new_ds/Depth\20260715_090112_140_000004.npy,new_ds/Teacher\20260715_090112_140_000004.npy,1,1,No-Light,4
20260715_090112_140_000005,20260715_090112_140,140,train,new_ds/train\20260715_090112_140_000005.png,new_ds/Depth\20260715_090112_140_000005.npy,new_ds/Teacher\20260715_090112_140_000005.npy,1,1,No-Light,4
20260715_090112_140_000006,20260715_090112_140,140,train,new_ds/train\20260715_090112_140_000006.png,new_ds/Depth\20260715_090112_140_000006.npy,new_ds/Teacher\20260715_090112_140_000006.npy,1,1,No-Light,4
20260715_090112_140_000007,20260715_090112_140,140,train,new_ds/train\20260715_090112_140_000007.png,new_ds/Depth\20260715_090112_140_000007.npy,new_ds/Teacher\20260715_090112_140_000007.npy,1,1,No-Light,4
20260715_090112_140_000008,20260715_090112_140,140,train,new_ds/train\20260715_090112_140_000008.png,new_ds/Depth\20260715_090112_140_000008.npy,new_ds/Teacher\20260715_090112_140_000008.npy,1,1,No-Light,4
20260715_090112_140_000009,20260715_090112_140,140,train,new_ds/train\20260715_090112_140_000009.png,new_ds/Depth\20260715_090112_140_000009.npy,new_ds/Teacher\20260715_090112_140_000009.npy,1,1,No-Light,4
20260715_090112_140_000010,20260715_090112_140,140,train,new_ds/train\20260715_090112_140_000010.png,new_ds/Depth\20260715_090112_140_000010.npy,new_ds/Teacher\20260715_090112_140_000010.npy,0,0,No-Light,0
20260715_090112_140_000011,20260715_090112_140,140,train,new_ds/train\20260715_090112_140_000011.png,new_ds/Depth\20260715_090112_140_000011.npy,new_ds/Teacher\20260715_090112_140_000011.npy,0,0,No-Light,0
20260715_090112_140_000012,20260715_090112_140,140,train,new_ds/train\20260715_090112_140_000012.png,new_ds/Depth\20260715_090112_140_000012.npy,new_ds/Teacher\20260715_090112_140_000012.npy,0,0,No-Light,0
20260715_090112_140_000013,20260715_090112_140,140,train,new_ds/train\20260715_090112_140_000013.png,new_ds/Depth\20260715_090112_140_000013.npy,new_ds/Teacher\20260715_090112_140_000013.npy,0,0,No-Light,0
20260715_090112_140_000014,20260715_090112_140,140,train,new_ds/train\20260715_090112_140_000014.png,new_ds/Depth\20260715_090112_140_000014.npy,new_ds/Teacher\20260715_090112_140_000014.npy,0,0,No-Light,0
20260715_090112_140_000015,20260715_090112_140,140,train,new_ds/train\20260715_090112_140_000015.png,new_ds/Depth\20260715_090112_140_000015.npy,new_ds/Teacher\20260715_090112_140_000015.npy,0,0,No-Light,0
20260715_090112_140_000016,20260715_090112_140,140,train,new_ds/train\20260715_090112_140_000016.png,new_ds/Depth\20260715_090112_140_000016.npy,new_ds/Teacher\20260715_090112_140_000016.npy,0,0,No-Light,0
20260715_090140_150_000000,20260715_090140_150,150,train,new_ds/train\20260715_090140_150_000000.png,new_ds/Depth\20260715_090140_150_000000.npy,new_ds/Teacher\20260715_090140_150_000000.npy,1,1,No-Light,4
20260715_090140_150_000001,20260715_090140_150,150,train,new_ds/train\20260715_090140_150_000001.png,new_ds/Depth\20260715_090140_150_000001.npy,new_ds/Teacher\20260715_090140_150_000001.npy,1,1,No-Light,4
20260715_090140_150_000002,20260715_090140_150,150,train,new_ds/train\20260715_090140_150_000002.png,new_ds/Depth\20260715_090140_150_000002.npy,new_ds/Teacher\20260715_090140_150_000002.npy,1,1,No-Light,4
20260715_090140_150_000003,20260715_090140_150,150,train,new_ds/train\20260715_090140_150_000003.png,new_ds/Depth\20260715_090140_150_000003.npy,new_ds/Teacher\20260715_090140_150_000003.npy,1,2,No-Light,8
20260715_090140_150_000004,20260715_090140_150,150,train,new_ds/train\20260715_090140_150_000004.png,new_ds/Depth\20260715_090140_150_000004.npy,new_ds/Teacher\20260715_090140_150_000004.npy,1,2,No-Light,8
20260715_090140_150_000005,20260715_090140_150,150,train,new_ds/train\20260715_090140_150_000005.png,new_ds/Depth\20260715_090140_150_000005.npy,new_ds/Teacher\20260715_090140_150_000005.npy,1,1,No-Light,4
20260715_090140_150_000006,20260715_090140_150,150,train,new_ds/train\20260715_090140_150_000006.png,new_ds/Depth\20260715_090140_150_000006.npy,new_ds/Teacher\20260715_090140_150_000006.npy,1,1,No-Light,4
20260715_090140_150_000007,20260715_090140_150,150,train,new_ds/train\20260715_090140_150_000007.png,new_ds/Depth\20260715_090140_150_000007.npy,new_ds/Teacher\20260715_090140_150_000007.npy,1,1,No-Light,4
20260715_090140_150_000008,20260715_090140_150,150,train,new_ds/train\20260715_090140_150_000008.png,new_ds/Depth\20260715_090140_150_000008.npy,new_ds/Teacher\20260715_090140_150_000008.npy,1,1,No-Light,4
20260715_090140_150_000009,20260715_090140_150,150,train,new_ds/train\20260715_090140_150_000009.png,new_ds/Depth\20260715_090140_150_000009.npy,new_ds/Teacher\20260715_090140_150_000009.npy,1,1,No-Light,4
20260715_090140_150_000010,20260715_090140_150,150,train,new_ds/train\20260715_090140_150_000010.png,new_ds/Depth\20260715_090140_150_000010.npy,new_ds/Teacher\20260715_090140_150_000010.npy,1,1,No-Light,4
20260715_090140_150_000011,20260715_090140_150,150,train,new_ds/train\20260715_090140_150_000011.png,new_ds/Depth\20260715_090140_150_000011.npy,new_ds/Teacher\20260715_090140_150_000011.npy,1,1,No-Light,4
20260715_090140_150_000012,20260715_090140_150,150,train,new_ds/train\20260715_090140_150_000012.png,new_ds/Depth\20260715_090140_150_000012.npy,new_ds/Teacher\20260715_090140_150_000012.npy,0,0,No-Light,0
20260715_090140_150_000013,20260715_090140_150,150,train,new_ds/train\20260715_090140_150_000013.png,new_ds/Depth\20260715_090140_150_000013.npy,new_ds/Teacher\20260715_090140_150_000013.npy,0,0,No-Light,0
20260715_090140_150_000014,20260715_090140_150,150,train,new_ds/train\20260715_090140_150_000014.png,new_ds/Depth\20260715_090140_150_000014.npy,new_ds/Teacher\20260715_090140_150_000014.npy,0,0,No-Light,0
20260715_090140_150_000015,20260715_090140_150,150,train,new_ds/train\20260715_090140_150_000015.png,new_ds/Depth\20260715_090140_150_000015.npy,new_ds/Teacher\20260715_090140_150_000015.npy,0,0,No-Light,0
20260715_090140_150_000016,20260715_090140_150,150,train,new_ds/train\20260715_090140_150_000016.png,new_ds/Depth\20260715_090140_150_000016.npy,new_ds/Teacher\20260715_090140_150_000016.npy,0,0,No-Light,0
20260715_090140_150_000017,20260715_090140_150,150,train,new_ds/train\20260715_090140_150_000017.png,new_ds/Depth\20260715_090140_150_000017.npy,new_ds/Teacher\20260715_090140_150_000017.npy,0,0,No-Light,0
20260715_090209_160_000000,20260715_090209_160,160,train,new_ds/train\20260715_090209_160_000000.png,new_ds/Depth\20260715_090209_160_000000.npy,new_ds/Teacher\20260715_090209_160_000000.npy,1,1,No-Light,4
20260715_090209_160_000001,20260715_090209_160,160,train,new_ds/train\20260715_090209_160_000001.png,new_ds/Depth\20260715_090209_160_000001.npy,new_ds/Teacher\20260715_090209_160_000001.npy,1,1,No-Light,4
20260715_090209_160_000002,20260715_090209_160,160,train,new_ds/train\20260715_090209_160_000002.png,new_ds/Depth\20260715_090209_160_000002.npy,new_ds/Teacher\20260715_090209_160_000002.npy,1,1,No-Light,4
20260715_090209_160_000003,20260715_090209_160,160,train,new_ds/train\20260715_090209_160_000003.png,new_ds/Depth\20260715_090209_160_000003.npy,new_ds/Teacher\20260715_090209_160_000003.npy,1,2,No-Light,8
20260715_090209_160_000004,20260715_090209_160,160,train,new_ds/train\20260715_090209_160_000004.png,new_ds/Depth\20260715_090209_160_000004.npy,new_ds/Teacher\20260715_090209_160_000004.npy,1,1,No-Light,4
20260715_090209_160_000005,20260715_090209_160,160,train,new_ds/train\20260715_090209_160_000005.png,new_ds/Depth\20260715_090209_160_000005.npy,new_ds/Teacher\20260715_090209_160_000005.npy,1,1,No-Light,4
20260715_090209_160_000006,20260715_090209_160,160,train,new_ds/train\20260715_090209_160_000006.png,new_ds/Depth\20260715_090209_160_000006.npy,new_ds/Teacher\20260715_090209_160_000006.npy,1,1,No-Light,4
20260715_090209_160_000007,20260715_090209_160,160,train,new_ds/train\20260715_090209_160_000007.png,new_ds/Depth\20260715_090209_160_000007.npy,new_ds/Teacher\20260715_090209_160_000007.npy,1,1,No-Light,4
20260715_090209_160_000008,20260715_090209_160,160,train,new_ds/train\20260715_090209_160_000008.png,new_ds/Depth\20260715_090209_160_000008.npy,new_ds/Teacher\20260715_090209_160_000008.npy,1,1,No-Light,4
20260715_090209_160_000009,20260715_090209_160,160,train,new_ds/train\20260715_090209_160_000009.png,new_ds/Depth\20260715_090209_160_000009.npy,new_ds/Teacher\20260715_090209_160_000009.npy,1,1,No-Light,4
20260715_090209_160_000010,20260715_090209_160,160,train,new_ds/train\20260715_090209_160_000010.png,new_ds/Depth\20260715_090209_160_000010.npy,new_ds/Teacher\20260715_090209_160_000010.npy,1,1,No-Light,4
20260715_090209_160_000011,20260715_090209_160,160,train,new_ds/train\20260715_090209_160_000011.png,new_ds/Depth\20260715_090209_160_000011.npy,new_ds/Teacher\20260715_090209_160_000011.npy,1,1,No-Light,4
20260715_090209_160_000012,20260715_090209_160,160,train,new_ds/train\20260715_090209_160_000012.png,new_ds/Depth\20260715_090209_160_000012.npy,new_ds/Teacher\20260715_090209_160_000012.npy,0,0,No-Light,0
20260715_090209_160_000013,20260715_090209_160,160,train,new_ds/train\20260715_090209_160_000013.png,new_ds/Depth\20260715_090209_160_000013.npy,new_ds/Teacher\20260715_090209_160_000013.npy,0,0,No-Light,0
20260715_090209_160_000014,20260715_090209_160,160,train,new_ds/train\20260715_090209_160_000014.png,new_ds/Depth\20260715_090209_160_000014.npy,new_ds/Teacher\20260715_090209_160_000014.npy,0,0,No-Light,0
20260715_090209_160_000015,20260715_090209_160,160,train,new_ds/train\20260715_090209_160_000015.png,new_ds/Depth\20260715_090209_160_000015.npy,new_ds/Teacher\20260715_090209_160_000015.npy,0,0,No-Light,0
20260715_090209_160_000016,20260715_090209_160,160,train,new_ds/train\20260715_090209_160_000016.png,new_ds/Depth\20260715_090209_160_000016.npy,new_ds/Teacher\20260715_090209_160_000016.npy,0,0,No-Light,0
20260715_090209_160_000017,20260715_090209_160,160,train,new_ds/train\20260715_090209_160_000017.png,new_ds/Depth\20260715_090209_160_000017.npy,new_ds/Teacher\20260715_090209_160_000017.npy,0,0,No-Light,0
20260715_090209_160_000018,20260715_090209_160,160,train,new_ds/train\20260715_090209_160_000018.png,new_ds/Depth\20260715_090209_160_000018.npy,new_ds/Teacher\20260715_090209_160_000018.npy,0,0,No-Light,0
20260715_090927_160_000000,20260715_090927_160,160,train,new_ds/train\20260715_090927_160_000000.png,new_ds/Depth\20260715_090927_160_000000.npy,new_ds/Teacher\20260715_090927_160_000000.npy,1,2,No-Light,8
20260715_090927_160_000001,20260715_090927_160,160,train,new_ds/train\20260715_090927_160_000001.png,new_ds/Depth\20260715_090927_160_000001.npy,new_ds/Teacher\20260715_090927_160_000001.npy,1,1,No-Light,4
20260715_090927_160_000002,20260715_090927_160,160,train,new_ds/train\20260715_090927_160_000002.png,new_ds/Depth\20260715_090927_160_000002.npy,new_ds/Teacher\20260715_090927_160_000002.npy,1,1,No-Light,4
20260715_090927_160_000003,20260715_090927_160,160,train,new_ds/train\20260715_090927_160_000003.png,new_ds/Depth\20260715_090927_160_000003.npy,new_ds/Teacher\20260715_090927_160_000003.npy,1,1,No-Light,4
20260715_090927_160_000004,20260715_090927_160,160,train,new_ds/train\20260715_090927_160_000004.png,new_ds/Depth\20260715_090927_160_000004.npy,new_ds/Teacher\20260715_090927_160_000004.npy,1,2,No-Light,8
20260715_090927_160_000005,20260715_090927_160,160,train,new_ds/train\20260715_090927_160_000005.png,new_ds/Depth\20260715_090927_160_000005.npy,new_ds/Teacher\20260715_090927_160_000005.npy,1,2,Red,8
20260715_090927_160_000006,20260715_090927_160,160,train,new_ds/train\20260715_090927_160_000006.png,new_ds/Depth\20260715_090927_160_000006.npy,new_ds/Teacher\20260715_090927_160_000006.npy,1,2,Red,8
20260715_090927_160_000007,20260715_090927_160,160,train,new_ds/train\20260715_090927_160_000007.png,new_ds/Depth\20260715_090927_160_000007.npy,new_ds/Teacher\20260715_090927_160_000007.npy,1,1,Red,4
20260715_090927_160_000008,20260715_090927_160,160,train,new_ds/train\20260715_090927_160_000008.png,new_ds/Depth\20260715_090927_160_000008.npy,new_ds/Teacher\20260715_090927_160_000008.npy,0,0,No-Light,0
20260715_090927_160_000009,20260715_090927_160,160,train,new_ds/train\20260715_090927_160_000009.png,new_ds/Depth\20260715_090927_160_000009.npy,new_ds/Teacher\20260715_090927_160_000009.npy,0,0,No-Light,0
20260715_090927_160_000010,20260715_090927_160,160,train,new_ds/train\20260715_090927_160_000010.png,new_ds/Depth\20260715_090927_160_000010.npy,new_ds/Teacher\20260715_090927_160_000010.npy,0,0,No-Light,0
20260715_090927_160_000011,20260715_090927_160,160,train,new_ds/train\20260715_090927_160_000011.png,new_ds/Depth\20260715_090927_160_000011.npy,new_ds/Teacher\20260715_090927_160_000011.npy,0,0,No-Light,0
20260715_090927_160_000012,20260715_090927_160,160,train,new_ds/train\20260715_090927_160_000012.png,new_ds/Depth\20260715_090927_160_000012.npy,new_ds/Teacher\20260715_090927_160_000012.npy,0,0,No-Light,0
20260715_090927_160_000013,20260715_090927_160,160,train,new_ds/train\20260715_090927_160_000013.png,new_ds/Depth\20260715_090927_160_000013.npy,new_ds/Teacher\20260715_090927_160_000013.npy,0,0,No-Light,0
20260715_090927_160_000014,20260715_090927_160,160,train,new_ds/train\20260715_090927_160_000014.png,new_ds/Depth\20260715_090927_160_000014.npy,new_ds/Teacher\20260715_090927_160_000014.npy,0,0,No-Light,0
20260715_090927_160_000015,20260715_090927_160,160,train,new_ds/train\20260715_090927_160_000015.png,new_ds/Depth\20260715_090927_160_000015.npy,new_ds/Teacher\20260715_090927_160_000015.npy,0,0,No-Light,0
20260715_090927_160_000016,20260715_090927_160,160,train,new_ds/train\20260715_090927_160_000016.png,new_ds/Depth\20260715_090927_160_000016.npy,new_ds/Teacher\20260715_090927_160_000016.npy,0,0,No-Light,0
20260715_090927_160_000017,20260715_090927_160,160,train,new_ds/train\20260715_090927_160_000017.png,new_ds/Depth\20260715_090927_160_000017.npy,new_ds/Teacher\20260715_090927_160_000017.npy,0,0,No-Light,0
20260715_090954_160_000000,20260715_090954_160,160,train,new_ds/train\20260715_090954_160_000000.png,new_ds/Depth\20260715_090954_160_000000.npy,new_ds/Teacher\20260715_090954_160_000000.npy,0,0,No-Light,0
20260715_090954_160_000001,20260715_090954_160,160,train,new_ds/train\20260715_090954_160_000001.png,new_ds/Depth\20260715_090954_160_000001.npy,new_ds/Teacher\20260715_090954_160_000001.npy,0,0,No-Light,0
20260715_090954_160_000002,20260715_090954_160,160,train,new_ds/train\20260715_090954_160_000002.png,new_ds/Depth\20260715_090954_160_000002.npy,new_ds/Teacher\20260715_090954_160_000002.npy,1,1,No-Light,4
20260715_090954_160_000003,20260715_090954_160,160,train,new_ds/train\20260715_090954_160_000003.png,new_ds/Depth\20260715_090954_160_000003.npy,new_ds/Teacher\20260715_090954_160_000003.npy,1,1,Red,4
20260715_090954_160_000004,20260715_090954_160,160,train,new_ds/train\20260715_090954_160_000004.png,new_ds/Depth\20260715_090954_160_000004.npy,new_ds/Teacher\20260715_090954_160_000004.npy,1,1,Red,4
20260715_090954_160_000005,20260715_090954_160,160,train,new_ds/train\20260715_090954_160_000005.png,new_ds/Depth\20260715_090954_160_000005.npy,new_ds/Teacher\20260715_090954_160_000005.npy,1,1,Red,4
20260715_090954_160_000006,20260715_090954_160,160,train,new_ds/train\20260715_090954_160_000006.png,new_ds/Depth\20260715_090954_160_000006.npy,new_ds/Teacher\20260715_090954_160_000006.npy,1,1,No-Light,4
20260715_090954_160_000007,20260715_090954_160,160,train,new_ds/train\20260715_090954_160_000007.png,new_ds/Depth\20260715_090954_160_000007.npy,new_ds/Teacher\20260715_090954_160_000007.npy,0,0,No-Light,0
20260715_090954_160_000008,20260715_090954_160,160,train,new_ds/train\20260715_090954_160_000008.png,new_ds/Depth\20260715_090954_160_000008.npy,new_ds/Teacher\20260715_090954_160_000008.npy,0,0,No-Light,0
20260715_090954_160_000009,20260715_090954_160,160,train,new_ds/train\20260715_090954_160_000009.png,new_ds/Depth\20260715_090954_160_000009.npy,new_ds/Teacher\20260715_090954_160_000009.npy,1,1,No-Light,4
20260715_090954_160_000010,20260715_090954_160,160,train,new_ds/train\20260715_090954_160_000010.png,new_ds/Depth\20260715_090954_160_000010.npy,new_ds/Teacher\20260715_090954_160_000010.npy,1,1,No-Light,4
20260715_090954_160_000011,20260715_090954_160,160,train,new_ds/train\20260715_090954_160_000011.png,new_ds/Depth\20260715_090954_160_000011.npy,new_ds/Teacher\20260715_090954_160_000011.npy,1,1,No-Light,4
20260715_090954_160_000012,20260715_090954_160,160,train,new_ds/train\20260715_090954_160_000012.png,new_ds/Depth\20260715_090954_160_000012.npy,new_ds/Teacher\20260715_090954_160_000012.npy,1,1,No-Light,4
20260715_090954_160_000013,20260715_090954_160,160,train,new_ds/train\20260715_090954_160_000013.png,new_ds/Depth\20260715_090954_160_000013.npy,new_ds/Teacher\20260715_090954_160_000013.npy,1,1,No-Light,4
20260715_090954_160_000014,20260715_090954_160,160,train,new_ds/train\20260715_090954_160_000014.png,new_ds/Depth\20260715_090954_160_000014.npy,new_ds/Teacher\20260715_090954_160_000014.npy,1,1,No-Light,4
20260715_090954_160_000015,20260715_090954_160,160,train,new_ds/train\20260715_090954_160_000015.png,new_ds/Depth\20260715_090954_160_000015.npy,new_ds/Teacher\20260715_090954_160_000015.npy,1,1,No-Light,4
20260715_091026_150_000000,20260715_091026_150,150,train,new_ds/train\20260715_091026_150_000000.png,new_ds/Depth\20260715_091026_150_000000.npy,new_ds/Teacher\20260715_091026_150_000000.npy,1,1,No-Light,4
20260715_091026_150_000001,20260715_091026_150,150,train,new_ds/train\20260715_091026_150_000001.png,new_ds/Depth\20260715_091026_150_000001.npy,new_ds/Teacher\20260715_091026_150_000001.npy,1,2,No-Light,8
20260715_091026_150_000002,20260715_091026_150,150,train,new_ds/train\20260715_091026_150_000002.png,new_ds/Depth\20260715_091026_150_000002.npy,new_ds/Teacher\20260715_091026_150_000002.npy,1,2,Red,8
20260715_091026_150_000003,20260715_091026_150,150,train,new_ds/train\20260715_091026_150_000003.png,new_ds/Depth\20260715_091026_150_000003.npy,new_ds/Teacher\20260715_091026_150_000003.npy,1,2,Red,8
20260715_091026_150_000004,20260715_091026_150,150,train,new_ds/train\20260715_091026_150_000004.png,new_ds/Depth\20260715_091026_150_000004.npy,new_ds/Teacher\20260715_091026_150_000004.npy,1,1,Red,4
20260715_091026_150_000005,20260715_091026_150,150,train,new_ds/train\20260715_091026_150_000005.png,new_ds/Depth\20260715_091026_150_000005.npy,new_ds/Teacher\20260715_091026_150_000005.npy,1,1,No-Light,4
20260715_091026_150_000006,20260715_091026_150,150,train,new_ds/train\20260715_091026_150_000006.png,new_ds/Depth\20260715_091026_150_000006.npy,new_ds/Teacher\20260715_091026_150_000006.npy,0,0,No-Light,0
20260715_091026_150_000007,20260715_091026_150,150,train,new_ds/train\20260715_091026_150_000007.png,new_ds/Depth\20260715_091026_150_000007.npy,new_ds/Teacher\20260715_091026_150_000007.npy,0,0,No-Light,0
20260715_091026_150_000008,20260715_091026_150,150,train,new_ds/train\20260715_091026_150_000008.png,new_ds/Depth\20260715_091026_150_000008.npy,new_ds/Teacher\20260715_091026_150_000008.npy,0,0,No-Light,0
20260715_091026_150_000009,20260715_091026_150,150,train,new_ds/train\20260715_091026_150_000009.png,new_ds/Depth\20260715_091026_150_000009.npy,new_ds/Teacher\20260715_091026_150_000009.npy,0,0,No-Light,0
20260715_091026_150_000010,20260715_091026_150,150,train,new_ds/train\20260715_091026_150_000010.png,new_ds/Depth\20260715_091026_150_000010.npy,new_ds/Teacher\20260715_091026_150_000010.npy,0,0,No-Light,0
20260715_091026_150_000011,20260715_091026_150,150,train,new_ds/train\20260715_091026_150_000011.png,new_ds/Depth\20260715_091026_150_000011.npy,new_ds/Teacher\20260715_091026_150_000011.npy,0,0,No-Light,0
20260715_091026_150_000012,20260715_091026_150,150,train,new_ds/train\20260715_091026_150_000012.png,new_ds/Depth\20260715_091026_150_000012.npy,new_ds/Teacher\20260715_091026_150_000012.npy,0,0,No-Light,0
20260715_091026_150_000013,20260715_091026_150,150,train,new_ds/train\20260715_091026_150_000013.png,new_ds/Depth\20260715_091026_150_000013.npy,new_ds/Teacher\20260715_091026_150_000013.npy,0,0,No-Light,0
20260715_091026_150_000014,20260715_091026_150,150,train,new_ds/train\20260715_091026_150_000014.png,new_ds/Depth\20260715_091026_150_000014.npy,new_ds/Teacher\20260715_091026_150_000014.npy,0,0,No-Light,0
20260715_091026_150_000015,20260715_091026_150,150,train,new_ds/train\20260715_091026_150_000015.png,new_ds/Depth\20260715_091026_150_000015.npy,new_ds/Teacher\20260715_091026_150_000015.npy,0,0,No-Light,0
20260715_091026_150_000016,20260715_091026_150,150,train,new_ds/train\20260715_091026_150_000016.png,new_ds/Depth\20260715_091026_150_000016.npy,new_ds/Teacher\20260715_091026_150_000016.npy,0,0,No-Light,0
20260715_091026_150_000017,20260715_091026_150,150,train,new_ds/train\20260715_091026_150_000017.png,new_ds/Depth\20260715_091026_150_000017.npy,new_ds/Teacher\20260715_091026_150_000017.npy,0,0,No-Light,0
20260715_091026_150_000018,20260715_091026_150,150,train,new_ds/train\20260715_091026_150_000018.png,new_ds/Depth\20260715_091026_150_000018.npy,new_ds/Teacher\20260715_091026_150_000018.npy,0,0,No-Light,0
20260715_091050_150_000000,20260715_091050_150,150,train,new_ds/train\20260715_091050_150_000000.png,new_ds/Depth\20260715_091050_150_000000.npy,new_ds/Teacher\20260715_091050_150_000000.npy,0,0,No-Light,0
20260715_091050_150_000001,20260715_091050_150,150,train,new_ds/train\20260715_091050_150_000001.png,new_ds/Depth\20260715_091050_150_000001.npy,new_ds/Teacher\20260715_091050_150_000001.npy,0,0,No-Light,0
20260715_091050_150_000002,20260715_091050_150,150,train,new_ds/train\20260715_091050_150_000002.png,new_ds/Depth\20260715_091050_150_000002.npy,new_ds/Teacher\20260715_091050_150_000002.npy,0,0,No-Light,0
20260715_091050_150_000003,20260715_091050_150,150,train,new_ds/train\20260715_091050_150_000003.png,new_ds/Depth\20260715_091050_150_000003.npy,new_ds/Teacher\20260715_091050_150_000003.npy,1,1,No-Light,4
20260715_091050_150_000004,20260715_091050_150,150,train,new_ds/train\20260715_091050_150_000004.png,new_ds/Depth\20260715_091050_150_000004.npy,new_ds/Teacher\20260715_091050_150_000004.npy,1,1,Green,4
20260715_091050_150_000005,20260715_091050_150,150,train,new_ds/train\20260715_091050_150_000005.png,new_ds/Depth\20260715_091050_150_000005.npy,new_ds/Teacher\20260715_091050_150_000005.npy,1,1,Green,4
20260715_091050_150_000006,20260715_091050_150,150,train,new_ds/train\20260715_091050_150_000006.png,new_ds/Depth\20260715_091050_150_000006.npy,new_ds/Teacher\20260715_091050_150_000006.npy,1,1,No-Light,4
20260715_091050_150_000007,20260715_091050_150,150,train,new_ds/train\20260715_091050_150_000007.png,new_ds/Depth\20260715_091050_150_000007.npy,new_ds/Teacher\20260715_091050_150_000007.npy,1,2,No-Light,8
20260715_091050_150_000008,20260715_091050_150,150,train,new_ds/train\20260715_091050_150_000008.png,new_ds/Depth\20260715_091050_150_000008.npy,new_ds/Teacher\20260715_091050_150_000008.npy,1,2,No-Light,8
20260715_091050_150_000009,20260715_091050_150,150,train,new_ds/train\20260715_091050_150_000009.png,new_ds/Depth\20260715_091050_150_000009.npy,new_ds/Teacher\20260715_091050_150_000009.npy,1,1,No-Light,4
20260715_091050_150_000010,20260715_091050_150,150,train,new_ds/train\20260715_091050_150_000010.png,new_ds/Depth\20260715_091050_150_000010.npy,new_ds/Teacher\20260715_091050_150_000010.npy,1,1,No-Light,4
20260715_091050_150_000011,20260715_091050_150,150,train,new_ds/train\20260715_091050_150_000011.png,new_ds/Depth\20260715_091050_150_000011.npy,new_ds/Teacher\20260715_091050_150_000011.npy,1,1,No-Light,4
20260715_091050_150_000012,20260715_091050_150,150,train,new_ds/train\20260715_091050_150_000012.png,new_ds/Depth\20260715_091050_150_000012.npy,new_ds/Teacher\20260715_091050_150_000012.npy,0,0,No-Light,0
20260715_091050_150_000013,20260715_091050_150,150,train,new_ds/train\20260715_091050_150_000013.png,new_ds/Depth\20260715_091050_150_000013.npy,new_ds/Teacher\20260715_091050_150_000013.npy,0,0,No-Light,0
20260715_091050_150_000014,20260715_091050_150,150,train,new_ds/train\20260715_091050_150_000014.png,new_ds/Depth\20260715_091050_150_000014.npy,new_ds/Teacher\20260715_091050_150_000014.npy,1,1,No-Light,4
20260715_091050_150_000015,20260715_091050_150,150,train,new_ds/train\20260715_091050_150_000015.png,new_ds/Depth\20260715_091050_150_000015.npy,new_ds/Teacher\20260715_091050_150_000015.npy,1,2,No-Light,8
20260715_091050_150_000016,20260715_091050_150,150,train,new_ds/train\20260715_091050_150_000016.png,new_ds/Depth\20260715_091050_150_000016.npy,new_ds/Teacher\20260715_091050_150_000016.npy,1,2,No-Light,8
20260715_091119_140_000000,20260715_091119_140,140,train,new_ds/train\20260715_091119_140_000000.png,new_ds/Depth\20260715_091119_140_000000.npy,new_ds/Teacher\20260715_091119_140_000000.npy,1,1,No-Light,4
20260715_091119_140_000001,20260715_091119_140,140,train,new_ds/train\20260715_091119_140_000001.png,new_ds/Depth\20260715_091119_140_000001.npy,new_ds/Teacher\20260715_091119_140_000001.npy,1,2,No-Light,8
20260715_091119_140_000002,20260715_091119_140,140,train,new_ds/train\20260715_091119_140_000002.png,new_ds/Depth\20260715_091119_140_000002.npy,new_ds/Teacher\20260715_091119_140_000002.npy,1,2,Red,8
20260715_091119_140_000003,20260715_091119_140,140,train,new_ds/train\20260715_091119_140_000003.png,new_ds/Depth\20260715_091119_140_000003.npy,new_ds/Teacher\20260715_091119_140_000003.npy,1,1,Red,4
20260715_091119_140_000004,20260715_091119_140,140,train,new_ds/train\20260715_091119_140_000004.png,new_ds/Depth\20260715_091119_140_000004.npy,new_ds/Teacher\20260715_091119_140_000004.npy,1,1,No-Light,4
20260715_091119_140_000005,20260715_091119_140,140,train,new_ds/train\20260715_091119_140_000005.png,new_ds/Depth\20260715_091119_140_000005.npy,new_ds/Teacher\20260715_091119_140_000005.npy,1,1,No-Light,4
20260715_091119_140_000006,20260715_091119_140,140,train,new_ds/train\20260715_091119_140_000006.png,new_ds/Depth\20260715_091119_140_000006.npy,new_ds/Teacher\20260715_091119_140_000006.npy,1,1,No-Light,4
20260715_091119_140_000007,20260715_091119_140,140,train,new_ds/train\20260715_091119_140_000007.png,new_ds/Depth\20260715_091119_140_000007.npy,new_ds/Teacher\20260715_091119_140_000007.npy,0,0,No-Light,0
20260715_091119_140_000008,20260715_091119_140,140,train,new_ds/train\20260715_091119_140_000008.png,new_ds/Depth\20260715_091119_140_000008.npy,new_ds/Teacher\20260715_091119_140_000008.npy,0,0,No-Light,0
20260715_091119_140_000009,20260715_091119_140,140,train,new_ds/train\20260715_091119_140_000009.png,new_ds/Depth\20260715_091119_140_000009.npy,new_ds/Teacher\20260715_091119_140_000009.npy,0,0,No-Light,0
20260715_091119_140_000010,20260715_091119_140,140,train,new_ds/train\20260715_091119_140_000010.png,new_ds/Depth\20260715_091119_140_000010.npy,new_ds/Teacher\20260715_091119_140_000010.npy,0,0,No-Light,0
20260715_091119_140_000011,20260715_091119_140,140,train,new_ds/train\20260715_091119_140_000011.png,new_ds/Depth\20260715_091119_140_000011.npy,new_ds/Teacher\20260715_091119_140_000011.npy,0,0,No-Light,0
20260715_091119_140_000012,20260715_091119_140,140,train,new_ds/train\20260715_091119_140_000012.png,new_ds/Depth\20260715_091119_140_000012.npy,new_ds/Teacher\20260715_091119_140_000012.npy,0,0,No-Light,0
20260715_091119_140_000013,20260715_091119_140,140,train,new_ds/train\20260715_091119_140_000013.png,new_ds/Depth\20260715_091119_140_000013.npy,new_ds/Teacher\20260715_091119_140_000013.npy,0,0,No-Light,0
20260715_091119_140_000014,20260715_091119_140,140,train,new_ds/train\20260715_091119_140_000014.png,new_ds/Depth\20260715_091119_140_000014.npy,new_ds/Teacher\20260715_091119_140_000014.npy,0,0,No-Light,0
20260715_091119_140_000015,20260715_091119_140,140,train,new_ds/train\20260715_091119_140_000015.png,new_ds/Depth\20260715_091119_140_000015.npy,new_ds/Teacher\20260715_091119_140_000015.npy,0,0,No-Light,0
20260715_091119_140_000016,20260715_091119_140,140,train,new_ds/train\20260715_091119_140_000016.png,new_ds/Depth\20260715_091119_140_000016.npy,new_ds/Teacher\20260715_091119_140_000016.npy,0,0,No-Light,0
20260715_091143_140_000000,20260715_091143_140,140,train,new_ds/train\20260715_091143_140_000000.png,new_ds/Depth\20260715_091143_140_000000.npy,new_ds/Teacher\20260715_091143_140_000000.npy,1,1,No-Light,4
20260715_091143_140_000001,20260715_091143_140,140,train,new_ds/train\20260715_091143_140_000001.png,new_ds/Depth\20260715_091143_140_000001.npy,new_ds/Teacher\20260715_091143_140_000001.npy,1,1,No-Light,4
20260715_091143_140_000002,20260715_091143_140,140,train,new_ds/train\20260715_091143_140_000002.png,new_ds/Depth\20260715_091143_140_000002.npy,new_ds/Teacher\20260715_091143_140_000002.npy,1,1,Red,4
20260715_091143_140_000003,20260715_091143_140,140,train,new_ds/train\20260715_091143_140_000003.png,new_ds/Depth\20260715_091143_140_000003.npy,new_ds/Teacher\20260715_091143_140_000003.npy,1,1,Red,4
20260715_091143_140_000004,20260715_091143_140,140,train,new_ds/train\20260715_091143_140_000004.png,new_ds/Depth\20260715_091143_140_000004.npy,new_ds/Teacher\20260715_091143_140_000004.npy,1,1,Red,4
20260715_091143_140_000005,20260715_091143_140,140,train,new_ds/train\20260715_091143_140_000005.png,new_ds/Depth\20260715_091143_140_000005.npy,new_ds/Teacher\20260715_091143_140_000005.npy,1,2,No-Light,8
20260715_091143_140_000006,20260715_091143_140,140,train,new_ds/train\20260715_091143_140_000006.png,new_ds/Depth\20260715_091143_140_000006.npy,new_ds/Teacher\20260715_091143_140_000006.npy,1,2,No-Light,8
20260715_091143_140_000007,20260715_091143_140,140,train,new_ds/train\20260715_091143_140_000007.png,new_ds/Depth\20260715_091143_140_000007.npy,new_ds/Teacher\20260715_091143_140_000007.npy,1,1,No-Light,4
20260715_091143_140_000008,20260715_091143_140,140,train,new_ds/train\20260715_091143_140_000008.png,new_ds/Depth\20260715_091143_140_000008.npy,new_ds/Teacher\20260715_091143_140_000008.npy,1,1,No-Light,4
20260715_091143_140_000009,20260715_091143_140,140,train,new_ds/train\20260715_091143_140_000009.png,new_ds/Depth\20260715_091143_140_000009.npy,new_ds/Teacher\20260715_091143_140_000009.npy,1,1,No-Light,4
20260715_091143_140_000010,20260715_091143_140,140,train,new_ds/train\20260715_091143_140_000010.png,new_ds/Depth\20260715_091143_140_000010.npy,new_ds/Teacher\20260715_091143_140_000010.npy,1,1,No-Light,4
20260715_091143_140_000011,20260715_091143_140,140,train,new_ds/train\20260715_091143_140_000011.png,new_ds/Depth\20260715_091143_140_000011.npy,new_ds/Teacher\20260715_091143_140_000011.npy,1,1,No-Light,4
20260715_091143_140_000012,20260715_091143_140,140,train,new_ds/train\20260715_091143_140_000012.png,new_ds/Depth\20260715_091143_140_000012.npy,new_ds/Teacher\20260715_091143_140_000012.npy,0,0,No-Light,0
20260715_091143_140_000013,20260715_091143_140,140,train,new_ds/train\20260715_091143_140_000013.png,new_ds/Depth\20260715_091143_140_000013.npy,new_ds/Teacher\20260715_091143_140_000013.npy,1,1,No-Light,4
20260715_091143_140_000014,20260715_091143_140,140,train,new_ds/train\20260715_091143_140_000014.png,new_ds/Depth\20260715_091143_140_000014.npy,new_ds/Teacher\20260715_091143_140_000014.npy,1,2,No-Light,8
20260715_091143_140_000015,20260715_091143_140,140,train,new_ds/train\20260715_091143_140_000015.png,new_ds/Depth\20260715_091143_140_000015.npy,new_ds/Teacher\20260715_091143_140_000015.npy,1,2,Green,8
20260715_091143_140_000016,20260715_091143_140,140,train,new_ds/train\20260715_091143_140_000016.png,new_ds/Depth\20260715_091143_140_000016.npy,new_ds/Teacher\20260715_091143_140_000016.npy,1,2,Green,8
20260715_091213_130_000000,20260715_091213_130,130,train,new_ds/train\20260715_091213_130_000000.png,new_ds/Depth\20260715_091213_130_000000.npy,new_ds/Teacher\20260715_091213_130_000000.npy,1,2,No-Light,8
20260715_091213_130_000001,20260715_091213_130,130,train,new_ds/train\20260715_091213_130_000001.png,new_ds/Depth\20260715_091213_130_000001.npy,new_ds/Teacher\20260715_091213_130_000001.npy,1,2,Red,8
20260715_091213_130_000002,20260715_091213_130,130,train,new_ds/train\20260715_091213_130_000002.png,new_ds/Depth\20260715_091213_130_000002.npy,new_ds/Teacher\20260715_091213_130_000002.npy,1,2,Red,8
20260715_091213_130_000003,20260715_091213_130,130,train,new_ds/train\20260715_091213_130_000003.png,new_ds/Depth\20260715_091213_130_000003.npy,new_ds/Teacher\20260715_091213_130_000003.npy,1,1,Red,4
20260715_091213_130_000004,20260715_091213_130,130,train,new_ds/train\20260715_091213_130_000004.png,new_ds/Depth\20260715_091213_130_000004.npy,new_ds/Teacher\20260715_091213_130_000004.npy,1,1,No-Light,4
20260715_091213_130_000005,20260715_091213_130,130,train,new_ds/train\20260715_091213_130_000005.png,new_ds/Depth\20260715_091213_130_000005.npy,new_ds/Teacher\20260715_091213_130_000005.npy,1,1,No-Light,4
20260715_091213_130_000006,20260715_091213_130,130,train,new_ds/train\20260715_091213_130_000006.png,new_ds/Depth\20260715_091213_130_000006.npy,new_ds/Teacher\20260715_091213_130_000006.npy,1,1,No-Light,4
20260715_091213_130_000007,20260715_091213_130,130,train,new_ds/train\20260715_091213_130_000007.png,new_ds/Depth\20260715_091213_130_000007.npy,new_ds/Teacher\20260715_091213_130_000007.npy,1,1,No-Light,4
20260715_091213_130_000008,20260715_091213_130,130,train,new_ds/train\20260715_091213_130_000008.png,new_ds/Depth\20260715_091213_130_000008.npy,new_ds/Teacher\20260715_091213_130_000008.npy,0,0,No-Light,0
20260715_091213_130_000009,20260715_091213_130,130,train,new_ds/train\20260715_091213_130_000009.png,new_ds/Depth\20260715_091213_130_000009.npy,new_ds/Teacher\20260715_091213_130_000009.npy,0,0,No-Light,0
20260715_091213_130_000010,20260715_091213_130,130,train,new_ds/train\20260715_091213_130_000010.png,new_ds/Depth\20260715_091213_130_000010.npy,new_ds/Teacher\20260715_091213_130_000010.npy,0,0,No-Light,0
20260715_091213_130_000011,20260715_091213_130,130,train,new_ds/train\20260715_091213_130_000011.png,new_ds/Depth\20260715_091213_130_000011.npy,new_ds/Teacher\20260715_091213_130_000011.npy,0,0,No-Light,0
20260715_091213_130_000012,20260715_091213_130,130,train,new_ds/train\20260715_091213_130_000012.png,new_ds/Depth\20260715_091213_130_000012.npy,new_ds/Teacher\20260715_091213_130_000012.npy,0,0,No-Light,0
20260715_091213_130_000013,20260715_091213_130,130,train,new_ds/train\20260715_091213_130_000013.png,new_ds/Depth\20260715_091213_130_000013.npy,new_ds/Teacher\20260715_091213_130_000013.npy,0,0,No-Light,0
20260715_091213_130_000014,20260715_091213_130,130,train,new_ds/train\20260715_091213_130_000014.png,new_ds/Depth\20260715_091213_130_000014.npy,new_ds/Teacher\20260715_091213_130_000014.npy,0,0,No-Light,0
20260715_091213_130_000015,20260715_091213_130,130,train,new_ds/train\20260715_091213_130_000015.png,new_ds/Depth\20260715_091213_130_000015.npy,new_ds/Teacher\20260715_091213_130_000015.npy,0,0,No-Light,0
20260715_091235_130_000000,20260715_091235_130,130,train,new_ds/train\20260715_091235_130_000000.png,new_ds/Depth\20260715_091235_130_000000.npy,new_ds/Teacher\20260715_091235_130_000000.npy,0,0,No-Light,0
20260715_091235_130_000001,20260715_091235_130,130,train,new_ds/train\20260715_091235_130_000001.png,new_ds/Depth\20260715_091235_130_000001.npy,new_ds/Teacher\20260715_091235_130_000001.npy,0,0,No-Light,0
20260715_091235_130_000002,20260715_091235_130,130,train,new_ds/train\20260715_091235_130_000002.png,new_ds/Depth\20260715_091235_130_000002.npy,new_ds/Teacher\20260715_091235_130_000002.npy,1,1,No-Light,4
20260715_091235_130_000003,20260715_091235_130,130,train,new_ds/train\20260715_091235_130_000003.png,new_ds/Depth\20260715_091235_130_000003.npy,new_ds/Teacher\20260715_091235_130_000003.npy,1,1,No-Light,4
20260715_091235_130_000004,20260715_091235_130,130,train,new_ds/train\20260715_091235_130_000004.png,new_ds/Depth\20260715_091235_130_000004.npy,new_ds/Teacher\20260715_091235_130_000004.npy,1,1,No-Light,4
20260715_091235_130_000005,20260715_091235_130,130,train,new_ds/train\20260715_091235_130_000005.png,new_ds/Depth\20260715_091235_130_000005.npy,new_ds/Teacher\20260715_091235_130_000005.npy,1,1,Green,4
20260715_091235_130_000006,20260715_091235_130,130,train,new_ds/train\20260715_091235_130_000006.png,new_ds/Depth\20260715_091235_130_000006.npy,new_ds/Teacher\20260715_091235_130_000006.npy,1,1,Green,4
20260715_091235_130_000007,20260715_091235_130,130,train,new_ds/train\20260715_091235_130_000007.png,new_ds/Depth\20260715_091235_130_000007.npy,new_ds/Teacher\20260715_091235_130_000007.npy,1,1,No-Light,4
20260715_091235_130_000008,20260715_091235_130,130,train,new_ds/train\20260715_091235_130_000008.png,new_ds/Depth\20260715_091235_130_000008.npy,new_ds/Teacher\20260715_091235_130_000008.npy,1,1,No-Light,4
20260715_091235_130_000009,20260715_091235_130,130,train,new_ds/train\20260715_091235_130_000009.png,new_ds/Depth\20260715_091235_130_000009.npy,new_ds/Teacher\20260715_091235_130_000009.npy,1,1,No-Light,4
20260715_091235_130_000010,20260715_091235_130,130,train,new_ds/train\20260715_091235_130_000010.png,new_ds/Depth\20260715_091235_130_000010.npy,new_ds/Teacher\20260715_091235_130_000010.npy,1,1,No-Light,4
20260715_091235_130_000011,20260715_091235_130,130,train,new_ds/train\20260715_091235_130_000011.png,new_ds/Depth\20260715_091235_130_000011.npy,new_ds/Teacher\20260715_091235_130_000011.npy,1,1,No-Light,4
20260715_091235_130_000012,20260715_091235_130,130,train,new_ds/train\20260715_091235_130_000012.png,new_ds/Depth\20260715_091235_130_000012.npy,new_ds/Teacher\20260715_091235_130_000012.npy,1,1,No-Light,4
20260715_091235_130_000013,20260715_091235_130,130,train,new_ds/train\20260715_091235_130_000013.png,new_ds/Depth\20260715_091235_130_000013.npy,new_ds/Teacher\20260715_091235_130_000013.npy,1,1,No-Light,4
20260715_091235_130_000014,20260715_091235_130,130,train,new_ds/train\20260715_091235_130_000014.png,new_ds/Depth\20260715_091235_130_000014.npy,new_ds/Teacher\20260715_091235_130_000014.npy,1,1,No-Light,4
20260715_091235_130_000015,20260715_091235_130,130,train,new_ds/train\20260715_091235_130_000015.png,new_ds/Depth\20260715_091235_130_000015.npy,new_ds/Teacher\20260715_091235_130_000015.npy,0,0,No-Light,0
20260715_091235_130_000016,20260715_091235_130,130,train,new_ds/train\20260715_091235_130_000016.png,new_ds/Depth\20260715_091235_130_000016.npy,new_ds/Teacher\20260715_091235_130_000016.npy,0,0,No-Light,0
20260715_091235_130_000017,20260715_091235_130,130,train,new_ds/train\20260715_091235_130_000017.png,new_ds/Depth\20260715_091235_130_000017.npy,new_ds/Teacher\20260715_091235_130_000017.npy,0,0,No-Light,0
20260715_091304_120_000000,20260715_091304_120,120,train,new_ds/train\20260715_091304_120_000000.png,new_ds/Depth\20260715_091304_120_000000.npy,new_ds/Teacher\20260715_091304_120_000000.npy,1,1,No-Light,4
20260715_091304_120_000001,20260715_091304_120,120,train,new_ds/train\20260715_091304_120_000001.png,new_ds/Depth\20260715_091304_120_000001.npy,new_ds/Teacher\20260715_091304_120_000001.npy,1,1,No-Light,4
20260715_091304_120_000002,20260715_091304_120,120,train,new_ds/train\20260715_091304_120_000002.png,new_ds/Depth\20260715_091304_120_000002.npy,new_ds/Teacher\20260715_091304_120_000002.npy,1,1,Green,4
20260715_091304_120_000003,20260715_091304_120,120,train,new_ds/train\20260715_091304_120_000003.png,new_ds/Depth\20260715_091304_120_000003.npy,new_ds/Teacher\20260715_091304_120_000003.npy,1,1,Green,4
20260715_091304_120_000004,20260715_091304_120,120,train,new_ds/train\20260715_091304_120_000004.png,new_ds/Depth\20260715_091304_120_000004.npy,new_ds/Teacher\20260715_091304_120_000004.npy,1,1,Green,4
20260715_091304_120_000005,20260715_091304_120,120,train,new_ds/train\20260715_091304_120_000005.png,new_ds/Depth\20260715_091304_120_000005.npy,new_ds/Teacher\20260715_091304_120_000005.npy,1,1,No-Light,4
20260715_091304_120_000006,20260715_091304_120,120,train,new_ds/train\20260715_091304_120_000006.png,new_ds/Depth\20260715_091304_120_000006.npy,new_ds/Teacher\20260715_091304_120_000006.npy,1,2,No-Light,8
20260715_091304_120_000007,20260715_091304_120,120,train,new_ds/train\20260715_091304_120_000007.png,new_ds/Depth\20260715_091304_120_000007.npy,new_ds/Teacher\20260715_091304_120_000007.npy,1,2,No-Light,8
20260715_091304_120_000008,20260715_091304_120,120,train,new_ds/train\20260715_091304_120_000008.png,new_ds/Depth\20260715_091304_120_000008.npy,new_ds/Teacher\20260715_091304_120_000008.npy,1,2,No-Light,8
20260715_091304_120_000009,20260715_091304_120,120,train,new_ds/train\20260715_091304_120_000009.png,new_ds/Depth\20260715_091304_120_000009.npy,new_ds/Teacher\20260715_091304_120_000009.npy,1,1,No-Light,4
20260715_091304_120_000010,20260715_091304_120,120,train,new_ds/train\20260715_091304_120_000010.png,new_ds/Depth\20260715_091304_120_000010.npy,new_ds/Teacher\20260715_091304_120_000010.npy,1,1,No-Light,4
20260715_091304_120_000011,20260715_091304_120,120,train,new_ds/train\20260715_091304_120_000011.png,new_ds/Depth\20260715_091304_120_000011.npy,new_ds/Teacher\20260715_091304_120_000011.npy,1,1,No-Light,4
20260715_091304_120_000012,20260715_091304_120,120,train,new_ds/train\20260715_091304_120_000012.png,new_ds/Depth\20260715_091304_120_000012.npy,new_ds/Teacher\20260715_091304_120_000012.npy,0,0,No-Light,0
20260715_091304_120_000013,20260715_091304_120,120,train,new_ds/train\20260715_091304_120_000013.png,new_ds/Depth\20260715_091304_120_000013.npy,new_ds/Teacher\20260715_091304_120_000013.npy,0,0,No-Light,0
20260715_091304_120_000014,20260715_091304_120,120,train,new_ds/train\20260715_091304_120_000014.png,new_ds/Depth\20260715_091304_120_000014.npy,new_ds/Teacher\20260715_091304_120_000014.npy,0,0,No-Light,0
20260715_091304_120_000015,20260715_091304_120,120,train,new_ds/train\20260715_091304_120_000015.png,new_ds/Depth\20260715_091304_120_000015.npy,new_ds/Teacher\20260715_091304_120_000015.npy,1,1,No-Light,4
20260715_091304_120_000016,20260715_091304_120,120,train,new_ds/train\20260715_091304_120_000016.png,new_ds/Depth\20260715_091304_120_000016.npy,new_ds/Teacher\20260715_091304_120_000016.npy,1,1,No-Light,4
20260715_091304_120_000017,20260715_091304_120,120,train,new_ds/train\20260715_091304_120_000017.png,new_ds/Depth\20260715_091304_120_000017.npy,new_ds/Teacher\20260715_091304_120_000017.npy,0,0,No-Light,0
20260715_091338_120_000000,20260715_091338_120,120,train,new_ds/train\20260715_091338_120_000000.png,new_ds/Depth\20260715_091338_120_000000.npy,new_ds/Teacher\20260715_091338_120_000000.npy,1,1,No-Light,4
20260715_091338_120_000001,20260715_091338_120,120,train,new_ds/train\20260715_091338_120_000001.png,new_ds/Depth\20260715_091338_120_000001.npy,new_ds/Teacher\20260715_091338_120_000001.npy,1,1,No-Light,4
20260715_091338_120_000002,20260715_091338_120,120,train,new_ds/train\20260715_091338_120_000002.png,new_ds/Depth\20260715_091338_120_000002.npy,new_ds/Teacher\20260715_091338_120_000002.npy,1,2,Green,8
20260715_091338_120_000003,20260715_091338_120,120,train,new_ds/train\20260715_091338_120_000003.png,new_ds/Depth\20260715_091338_120_000003.npy,new_ds/Teacher\20260715_091338_120_000003.npy,1,2,Green,8
20260715_091338_120_000004,20260715_091338_120,120,train,new_ds/train\20260715_091338_120_000004.png,new_ds/Depth\20260715_091338_120_000004.npy,new_ds/Teacher\20260715_091338_120_000004.npy,1,1,Green,4
20260715_091338_120_000005,20260715_091338_120,120,train,new_ds/train\20260715_091338_120_000005.png,new_ds/Depth\20260715_091338_120_000005.npy,new_ds/Teacher\20260715_091338_120_000005.npy,1,1,No-Light,4
20260715_091338_120_000006,20260715_091338_120,120,train,new_ds/train\20260715_091338_120_000006.png,new_ds/Depth\20260715_091338_120_000006.npy,new_ds/Teacher\20260715_091338_120_000006.npy,1,1,No-Light,4
20260715_091338_120_000007,20260715_091338_120,120,train,new_ds/train\20260715_091338_120_000007.png,new_ds/Depth\20260715_091338_120_000007.npy,new_ds/Teacher\20260715_091338_120_000007.npy,1,1,No-Light,4
20260715_091338_120_000008,20260715_091338_120,120,train,new_ds/train\20260715_091338_120_000008.png,new_ds/Depth\20260715_091338_120_000008.npy,new_ds/Teacher\20260715_091338_120_000008.npy,0,0,No-Light,0
20260715_091338_120_000009,20260715_091338_120,120,train,new_ds/train\20260715_091338_120_000009.png,new_ds/Depth\20260715_091338_120_000009.npy,new_ds/Teacher\20260715_091338_120_000009.npy,0,0,No-Light,0
20260715_091338_120_000010,20260715_091338_120,120,train,new_ds/train\20260715_091338_120_000010.png,new_ds/Depth\20260715_091338_120_000010.npy,new_ds/Teacher\20260715_091338_120_000010.npy,0,0,No-Light,0
20260715_091338_120_000011,20260715_091338_120,120,train,new_ds/train\20260715_091338_120_000011.png,new_ds/Depth\20260715_091338_120_000011.npy,new_ds/Teacher\20260715_091338_120_000011.npy,0,0,No-Light,0
20260715_091338_120_000012,20260715_091338_120,120,train,new_ds/train\20260715_091338_120_000012.png,new_ds/Depth\20260715_091338_120_000012.npy,new_ds/Teacher\20260715_091338_120_000012.npy,0,0,No-Light,0
20260715_091338_120_000013,20260715_091338_120,120,train,new_ds/train\20260715_091338_120_000013.png,new_ds/Depth\20260715_091338_120_000013.npy,new_ds/Teacher\20260715_091338_120_000013.npy,0,0,No-Light,0
20260715_091338_120_000014,20260715_091338_120,120,train,new_ds/train\20260715_091338_120_000014.png,new_ds/Depth\20260715_091338_120_000014.npy,new_ds/Teacher\20260715_091338_120_000014.npy,0,0,No-Light,0
20260715_091338_120_000015,20260715_091338_120,120,train,new_ds/train\20260715_091338_120_000015.png,new_ds/Depth\20260715_091338_120_000015.npy,new_ds/Teacher\20260715_091338_120_000015.npy,0,0,No-Light,0
20260715_091431_120_000000,20260715_091431_120,120,train,new_ds/train\20260715_091431_120_000000.png,new_ds/Depth\20260715_091431_120_000000.npy,new_ds/Teacher\20260715_091431_120_000000.npy,1,1,No-Light,4
20260715_091431_120_000001,20260715_091431_120,120,train,new_ds/train\20260715_091431_120_000001.png,new_ds/Depth\20260715_091431_120_000001.npy,new_ds/Teacher\20260715_091431_120_000001.npy,1,1,No-Light,4
20260715_091431_120_000002,20260715_091431_120,120,train,new_ds/train\20260715_091431_120_000002.png,new_ds/Depth\20260715_091431_120_000002.npy,new_ds/Teacher\20260715_091431_120_000002.npy,1,2,No-Light,8
20260715_091431_120_000003,20260715_091431_120,120,train,new_ds/train\20260715_091431_120_000003.png,new_ds/Depth\20260715_091431_120_000003.npy,new_ds/Teacher\20260715_091431_120_000003.npy,1,2,No-Light,8
20260715_091431_120_000004,20260715_091431_120,120,train,new_ds/train\20260715_091431_120_000004.png,new_ds/Depth\20260715_091431_120_000004.npy,new_ds/Teacher\20260715_091431_120_000004.npy,1,1,No-Light,4
20260715_091431_120_000005,20260715_091431_120,120,train,new_ds/train\20260715_091431_120_000005.png,new_ds/Depth\20260715_091431_120_000005.npy,new_ds/Teacher\20260715_091431_120_000005.npy,1,1,No-Light,4
20260715_091431_120_000006,20260715_091431_120,120,train,new_ds/train\20260715_091431_120_000006.png,new_ds/Depth\20260715_091431_120_000006.npy,new_ds/Teacher\20260715_091431_120_000006.npy,1,1,Green,4
20260715_091431_120_000007,20260715_091431_120,120,train,new_ds/train\20260715_091431_120_000007.png,new_ds/Depth\20260715_091431_120_000007.npy,new_ds/Teacher\20260715_091431_120_000007.npy,1,1,Green,4
20260715_091431_120_000008,20260715_091431_120,120,train,new_ds/train\20260715_091431_120_000008.png,new_ds/Depth\20260715_091431_120_000008.npy,new_ds/Teacher\20260715_091431_120_000008.npy,1,1,Green,4
20260715_091431_120_000009,20260715_091431_120,120,train,new_ds/train\20260715_091431_120_000009.png,new_ds/Depth\20260715_091431_120_000009.npy,new_ds/Teacher\20260715_091431_120_000009.npy,0,0,No-Light,0
20260715_091431_120_000010,20260715_091431_120,120,train,new_ds/train\20260715_091431_120_000010.png,new_ds/Depth\20260715_091431_120_000010.npy,new_ds/Teacher\20260715_091431_120_000010.npy,0,0,No-Light,0
20260715_091431_120_000011,20260715_091431_120,120,train,new_ds/train\20260715_091431_120_000011.png,new_ds/Depth\20260715_091431_120_000011.npy,new_ds/Teacher\20260715_091431_120_000011.npy,0,0,No-Light,0
20260715_091431_120_000012,20260715_091431_120,120,train,new_ds/train\20260715_091431_120_000012.png,new_ds/Depth\20260715_091431_120_000012.npy,new_ds/Teacher\20260715_091431_120_000012.npy,0,0,No-Light,0
20260715_091431_120_000013,20260715_091431_120,120,train,new_ds/train\20260715_091431_120_000013.png,new_ds/Depth\20260715_091431_120_000013.npy,new_ds/Teacher\20260715_091431_120_000013.npy,0,0,No-Light,0
20260715_091431_120_000014,20260715_091431_120,120,train,new_ds/train\20260715_091431_120_000014.png,new_ds/Depth\20260715_091431_120_000014.npy,new_ds/Teacher\20260715_091431_120_000014.npy,0,0,No-Light,0
20260715_091431_120_000015,20260715_091431_120,120,train,new_ds/train\20260715_091431_120_000015.png,new_ds/Depth\20260715_091431_120_000015.npy,new_ds/Teacher\20260715_091431_120_000015.npy,0,0,No-Light,0
20260715_091431_120_000016,20260715_091431_120,120,train,new_ds/train\20260715_091431_120_000016.png,new_ds/Depth\20260715_091431_120_000016.npy,new_ds/Teacher\20260715_091431_120_000016.npy,0,0,No-Light,0
20260715_091431_120_000017,20260715_091431_120,120,train,new_ds/train\20260715_091431_120_000017.png,new_ds/Depth\20260715_091431_120_000017.npy,new_ds/Teacher\20260715_091431_120_000017.npy,0,0,No-Light,0
20260715_091451_120_000000,20260715_091451_120,120,train,new_ds/train\20260715_091451_120_000000.png,new_ds/Depth\20260715_091451_120_000000.npy,new_ds/Teacher\20260715_091451_120_000000.npy,0,0,No-Light,0
20260715_091451_120_000001,20260715_091451_120,120,train,new_ds/train\20260715_091451_120_000001.png,new_ds/Depth\20260715_091451_120_000001.npy,new_ds/Teacher\20260715_091451_120_000001.npy,0,0,No-Light,0
20260715_091451_120_000002,20260715_091451_120,120,train,new_ds/train\20260715_091451_120_000002.png,new_ds/Depth\20260715_091451_120_000002.npy,new_ds/Teacher\20260715_091451_120_000002.npy,0,0,No-Light,0
20260715_091451_120_000003,20260715_091451_120,120,train,new_ds/train\20260715_091451_120_000003.png,new_ds/Depth\20260715_091451_120_000003.npy,new_ds/Teacher\20260715_091451_120_000003.npy,1,1,No-Light,4
20260715_091451_120_000004,20260715_091451_120,120,train,new_ds/train\20260715_091451_120_000004.png,new_ds/Depth\20260715_091451_120_000004.npy,new_ds/Teacher\20260715_091451_120_000004.npy,1,1,Red,4
20260715_091451_120_000005,20260715_091451_120,120,train,new_ds/train\20260715_091451_120_000005.png,new_ds/Depth\20260715_091451_120_000005.npy,new_ds/Teacher\20260715_091451_120_000005.npy,1,1,Red,4
20260715_091451_120_000006,20260715_091451_120,120,train,new_ds/train\20260715_091451_120_000006.png,new_ds/Depth\20260715_091451_120_000006.npy,new_ds/Teacher\20260715_091451_120_000006.npy,1,1,Red,4
20260715_091451_120_000007,20260715_091451_120,120,train,new_ds/train\20260715_091451_120_000007.png,new_ds/Depth\20260715_091451_120_000007.npy,new_ds/Teacher\20260715_091451_120_000007.npy,1,1,No-Light,4
20260715_091451_120_000008,20260715_091451_120,120,train,new_ds/train\20260715_091451_120_000008.png,new_ds/Depth\20260715_091451_120_000008.npy,new_ds/Teacher\20260715_091451_120_000008.npy,0,0,No-Light,0
20260715_091451_120_000009,20260715_091451_120,120,train,new_ds/train\20260715_091451_120_000009.png,new_ds/Depth\20260715_091451_120_000009.npy,new_ds/Teacher\20260715_091451_120_000009.npy,1,1,No-Light,4
20260715_091451_120_000010,20260715_091451_120,120,train,new_ds/train\20260715_091451_120_000010.png,new_ds/Depth\20260715_091451_120_000010.npy,new_ds/Teacher\20260715_091451_120_000010.npy,1,1,No-Light,4
20260715_091451_120_000011,20260715_091451_120,120,train,new_ds/train\20260715_091451_120_000011.png,new_ds/Depth\20260715_091451_120_000011.npy,new_ds/Teacher\20260715_091451_120_000011.npy,1,2,No-Light,8
20260715_091451_120_000012,20260715_091451_120,120,train,new_ds/train\20260715_091451_120_000012.png,new_ds/Depth\20260715_091451_120_000012.npy,new_ds/Teacher\20260715_091451_120_000012.npy,1,2,No-Light,8
20260715_091451_120_000013,20260715_091451_120,120,train,new_ds/train\20260715_091451_120_000013.png,new_ds/Depth\20260715_091451_120_000013.npy,new_ds/Teacher\20260715_091451_120_000013.npy,1,2,No-Light,8
20260715_091451_120_000014,20260715_091451_120,120,train,new_ds/train\20260715_091451_120_000014.png,new_ds/Depth\20260715_091451_120_000014.npy,new_ds/Teacher\20260715_091451_120_000014.npy,1,1,No-Light,4
20260715_091451_120_000015,20260715_091451_120,120,train,new_ds/train\20260715_091451_120_000015.png,new_ds/Depth\20260715_091451_120_000015.npy,new_ds/Teacher\20260715_091451_120_000015.npy,1,1,No-Light,4
20260715_091451_120_000016,20260715_091451_120,120,train,new_ds/train\20260715_091451_120_000016.png,new_ds/Depth\20260715_091451_120_000016.npy,new_ds/Teacher\20260715_091451_120_000016.npy,1,1,No-Light,4
20260715_091527_130_000000,20260715_091527_130,130,train,new_ds/train\20260715_091527_130_000000.png,new_ds/Depth\20260715_091527_130_000000.npy,new_ds/Teacher\20260715_091527_130_000000.npy,0,0,No-Light,0
20260715_091527_130_000001,20260715_091527_130,130,train,new_ds/train\20260715_091527_130_000001.png,new_ds/Depth\20260715_091527_130_000001.npy,new_ds/Teacher\20260715_091527_130_000001.npy,1,1,No-Light,4
20260715_091527_130_000002,20260715_091527_130,130,train,new_ds/train\20260715_091527_130_000002.png,new_ds/Depth\20260715_091527_130_000002.npy,new_ds/Teacher\20260715_091527_130_000002.npy,1,1,No-Light,4
20260715_091527_130_000003,20260715_091527_130,130,train,new_ds/train\20260715_091527_130_000003.png,new_ds/Depth\20260715_091527_130_000003.npy,new_ds/Teacher\20260715_091527_130_000003.npy,1,1,No-Light,4
20260715_091527_130_000004,20260715_091527_130,130,train,new_ds/train\20260715_091527_130_000004.png,new_ds/Depth\20260715_091527_130_000004.npy,new_ds/Teacher\20260715_091527_130_000004.npy,1,1,No-Light,4
20260715_091527_130_000005,20260715_091527_130,130,train,new_ds/train\20260715_091527_130_000005.png,new_ds/Depth\20260715_091527_130_000005.npy,new_ds/Teacher\20260715_091527_130_000005.npy,1,1,Red,4
20260715_091527_130_000006,20260715_091527_130,130,train,new_ds/train\20260715_091527_130_000006.png,new_ds/Depth\20260715_091527_130_000006.npy,new_ds/Teacher\20260715_091527_130_000006.npy,1,1,Red,4
20260715_091527_130_000007,20260715_091527_130,130,train,new_ds/train\20260715_091527_130_000007.png,new_ds/Depth\20260715_091527_130_000007.npy,new_ds/Teacher\20260715_091527_130_000007.npy,1,1,Red,4
20260715_091527_130_000008,20260715_091527_130,130,train,new_ds/train\20260715_091527_130_000008.png,new_ds/Depth\20260715_091527_130_000008.npy,new_ds/Teacher\20260715_091527_130_000008.npy,0,0,No-Light,0
20260715_091527_130_000009,20260715_091527_130,130,train,new_ds/train\20260715_091527_130_000009.png,new_ds/Depth\20260715_091527_130_000009.npy,new_ds/Teacher\20260715_091527_130_000009.npy,0,0,No-Light,0
20260715_091527_130_000010,20260715_091527_130,130,train,new_ds/train\20260715_091527_130_000010.png,new_ds/Depth\20260715_091527_130_000010.npy,new_ds/Teacher\20260715_091527_130_000010.npy,0,0,No-Light,0
20260715_091527_130_000011,20260715_091527_130,130,train,new_ds/train\20260715_091527_130_000011.png,new_ds/Depth\20260715_091527_130_000011.npy,new_ds/Teacher\20260715_091527_130_000011.npy,0,0,No-Light,0
20260715_091527_130_000012,20260715_091527_130,130,train,new_ds/train\20260715_091527_130_000012.png,new_ds/Depth\20260715_091527_130_000012.npy,new_ds/Teacher\20260715_091527_130_000012.npy,0,0,No-Light,0
20260715_091527_130_000013,20260715_091527_130,130,train,new_ds/train\20260715_091527_130_000013.png,new_ds/Depth\20260715_091527_130_000013.npy,new_ds/Teacher\20260715_091527_130_000013.npy,0,0,No-Light,0
20260715_091527_130_000014,20260715_091527_130,130,train,new_ds/train\20260715_091527_130_000014.png,new_ds/Depth\20260715_091527_130_000014.npy,new_ds/Teacher\20260715_091527_130_000014.npy,0,0,No-Light,0
20260715_091527_130_000015,20260715_091527_130,130,train,new_ds/train\20260715_091527_130_000015.png,new_ds/Depth\20260715_091527_130_000015.npy,new_ds/Teacher\20260715_091527_130_000015.npy,0,0,No-Light,0
20260715_091527_130_000016,20260715_091527_130,130,train,new_ds/train\20260715_091527_130_000016.png,new_ds/Depth\20260715_091527_130_000016.npy,new_ds/Teacher\20260715_091527_130_000016.npy,0,0,No-Light,0
20260715_091548_130_000000,20260715_091548_130,130,train,new_ds/train\20260715_091548_130_000000.png,new_ds/Depth\20260715_091548_130_000000.npy,new_ds/Teacher\20260715_091548_130_000000.npy,0,0,No-Light,0
20260715_091548_130_000001,20260715_091548_130,130,train,new_ds/train\20260715_091548_130_000001.png,new_ds/Depth\20260715_091548_130_000001.npy,new_ds/Teacher\20260715_091548_130_000001.npy,0,0,No-Light,0
20260715_091548_130_000002,20260715_091548_130,130,train,new_ds/train\20260715_091548_130_000002.png,new_ds/Depth\20260715_091548_130_000002.npy,new_ds/Teacher\20260715_091548_130_000002.npy,0,0,No-Light,0
20260715_091548_130_000003,20260715_091548_130,130,train,new_ds/train\20260715_091548_130_000003.png,new_ds/Depth\20260715_091548_130_000003.npy,new_ds/Teacher\20260715_091548_130_000003.npy,0,0,No-Light,0
20260715_091548_130_000004,20260715_091548_130,130,train,new_ds/train\20260715_091548_130_000004.png,new_ds/Depth\20260715_091548_130_000004.npy,new_ds/Teacher\20260715_091548_130_000004.npy,0,0,No-Light,0
20260715_091548_130_000005,20260715_091548_130,130,train,new_ds/train\20260715_091548_130_000005.png,new_ds/Depth\20260715_091548_130_000005.npy,new_ds/Teacher\20260715_091548_130_000005.npy,1,1,No-Light,4
20260715_091548_130_000006,20260715_091548_130,130,train,new_ds/train\20260715_091548_130_000006.png,new_ds/Depth\20260715_091548_130_000006.npy,new_ds/Teacher\20260715_091548_130_000006.npy,1,1,Red,4
20260715_091548_130_000007,20260715_091548_130,130,train,new_ds/train\20260715_091548_130_000007.png,new_ds/Depth\20260715_091548_130_000007.npy,new_ds/Teacher\20260715_091548_130_000007.npy,1,1,Red,4
20260715_091548_130_000008,20260715_091548_130,130,train,new_ds/train\20260715_091548_130_000008.png,new_ds/Depth\20260715_091548_130_000008.npy,new_ds/Teacher\20260715_091548_130_000008.npy,1,1,Red,4
20260715_091548_130_000009,20260715_091548_130,130,train,new_ds/train\20260715_091548_130_000009.png,new_ds/Depth\20260715_091548_130_000009.npy,new_ds/Teacher\20260715_091548_130_000009.npy,1,1,No-Light,4
20260715_091548_130_000010,20260715_091548_130,130,train,new_ds/train\20260715_091548_130_000010.png,new_ds/Depth\20260715_091548_130_000010.npy,new_ds/Teacher\20260715_091548_130_000010.npy,1,1,No-Light,4
20260715_091548_130_000011,20260715_091548_130,130,train,new_ds/train\20260715_091548_130_000011.png,new_ds/Depth\20260715_091548_130_000011.npy,new_ds/Teacher\20260715_091548_130_000011.npy,0,0,No-Light,0
20260715_091548_130_000012,20260715_091548_130,130,train,new_ds/train\20260715_091548_130_000012.png,new_ds/Depth\20260715_091548_130_000012.npy,new_ds/Teacher\20260715_091548_130_000012.npy,0,0,No-Light,0
20260715_091548_130_000013,20260715_091548_130,130,train,new_ds/train\20260715_091548_130_000013.png,new_ds/Depth\20260715_091548_130_000013.npy,new_ds/Teacher\20260715_091548_130_000013.npy,0,0,No-Light,0
20260715_091548_130_000014,20260715_091548_130,130,train,new_ds/train\20260715_091548_130_000014.png,new_ds/Depth\20260715_091548_130_000014.npy,new_ds/Teacher\20260715_091548_130_000014.npy,1,1,No-Light,4
20260715_091548_130_000015,20260715_091548_130,130,train,new_ds/train\20260715_091548_130_000015.png,new_ds/Depth\20260715_091548_130_000015.npy,new_ds/Teacher\20260715_091548_130_000015.npy,1,1,No-Light,4
20260715_091548_130_000016,20260715_091548_130,130,train,new_ds/train\20260715_091548_130_000016.png,new_ds/Depth\20260715_091548_130_000016.npy,new_ds/Teacher\20260715_091548_130_000016.npy,1,1,No-Light,4
20260715_091548_130_000017,20260715_091548_130,130,train,new_ds/train\20260715_091548_130_000017.png,new_ds/Depth\20260715_091548_130_000017.npy,new_ds/Teacher\20260715_091548_130_000017.npy,1,2,No-Light,8
20260715_091627_140_000000,20260715_091627_140,140,train,new_ds/train\20260715_091627_140_000000.png,new_ds/Depth\20260715_091627_140_000000.npy,new_ds/Teacher\20260715_091627_140_000000.npy,1,1,No-Light,4
20260715_091627_140_000001,20260715_091627_140,140,train,new_ds/train\20260715_091627_140_000001.png,new_ds/Depth\20260715_091627_140_000001.npy,new_ds/Teacher\20260715_091627_140_000001.npy,1,1,No-Light,4
20260715_091627_140_000002,20260715_091627_140,140,train,new_ds/train\20260715_091627_140_000002.png,new_ds/Depth\20260715_091627_140_000002.npy,new_ds/Teacher\20260715_091627_140_000002.npy,1,2,No-Light,8
20260715_091627_140_000003,20260715_091627_140,140,train,new_ds/train\20260715_091627_140_000003.png,new_ds/Depth\20260715_091627_140_000003.npy,new_ds/Teacher\20260715_091627_140_000003.npy,1,2,No-Light,8
20260715_091627_140_000004,20260715_091627_140,140,train,new_ds/train\20260715_091627_140_000004.png,new_ds/Depth\20260715_091627_140_000004.npy,new_ds/Teacher\20260715_091627_140_000004.npy,1,2,No-Light,8
20260715_091627_140_000005,20260715_091627_140,140,train,new_ds/train\20260715_091627_140_000005.png,new_ds/Depth\20260715_091627_140_000005.npy,new_ds/Teacher\20260715_091627_140_000005.npy,1,1,Green,4
20260715_091627_140_000006,20260715_091627_140,140,train,new_ds/train\20260715_091627_140_000006.png,new_ds/Depth\20260715_091627_140_000006.npy,new_ds/Teacher\20260715_091627_140_000006.npy,1,1,Green,4
20260715_091627_140_000007,20260715_091627_140,140,train,new_ds/train\20260715_091627_140_000007.png,new_ds/Depth\20260715_091627_140_000007.npy,new_ds/Teacher\20260715_091627_140_000007.npy,1,1,Green,4
20260715_091627_140_000008,20260715_091627_140,140,train,new_ds/train\20260715_091627_140_000008.png,new_ds/Depth\20260715_091627_140_000008.npy,new_ds/Teacher\20260715_091627_140_000008.npy,1,1,No-Light,4
20260715_091627_140_000009,20260715_091627_140,140,train,new_ds/train\20260715_091627_140_000009.png,new_ds/Depth\20260715_091627_140_000009.npy,new_ds/Teacher\20260715_091627_140_000009.npy,0,0,No-Light,0
20260715_091627_140_000010,20260715_091627_140,140,train,new_ds/train\20260715_091627_140_000010.png,new_ds/Depth\20260715_091627_140_000010.npy,new_ds/Teacher\20260715_091627_140_000010.npy,0,0,No-Light,0
20260715_091627_140_000011,20260715_091627_140,140,train,new_ds/train\20260715_091627_140_000011.png,new_ds/Depth\20260715_091627_140_000011.npy,new_ds/Teacher\20260715_091627_140_000011.npy,0,0,No-Light,0
20260715_091627_140_000012,20260715_091627_140,140,train,new_ds/train\20260715_091627_140_000012.png,new_ds/Depth\20260715_091627_140_000012.npy,new_ds/Teacher\20260715_091627_140_000012.npy,0,0,No-Light,0
20260715_091627_140_000013,20260715_091627_140,140,train,new_ds/train\20260715_091627_140_000013.png,new_ds/Depth\20260715_091627_140_000013.npy,new_ds/Teacher\20260715_091627_140_000013.npy,0,0,No-Light,0
20260715_091627_140_000014,20260715_091627_140,140,train,new_ds/train\20260715_091627_140_000014.png,new_ds/Depth\20260715_091627_140_000014.npy,new_ds/Teacher\20260715_091627_140_000014.npy,0,0,No-Light,0
20260715_091627_140_000015,20260715_091627_140,140,train,new_ds/train\20260715_091627_140_000015.png,new_ds/Depth\20260715_091627_140_000015.npy,new_ds/Teacher\20260715_091627_140_000015.npy,0,0,No-Light,0
20260715_091627_140_000016,20260715_091627_140,140,train,new_ds/train\20260715_091627_140_000016.png,new_ds/Depth\20260715_091627_140_000016.npy,new_ds/Teacher\20260715_091627_140_000016.npy,0,0,No-Light,0
20260715_091650_140_000000,20260715_091650_140,140,train,new_ds/train\20260715_091650_140_000000.png,new_ds/Depth\20260715_091650_140_000000.npy,new_ds/Teacher\20260715_091650_140_000000.npy,0,0,No-Light,0
20260715_091650_140_000001,20260715_091650_140,140,train,new_ds/train\20260715_091650_140_000001.png,new_ds/Depth\20260715_091650_140_000001.npy,new_ds/Teacher\20260715_091650_140_000001.npy,0,0,No-Light,0
20260715_091650_140_000002,20260715_091650_140,140,train,new_ds/train\20260715_091650_140_000002.png,new_ds/Depth\20260715_091650_140_000002.npy,new_ds/Teacher\20260715_091650_140_000002.npy,0,0,No-Light,0
20260715_091650_140_000003,20260715_091650_140,140,train,new_ds/train\20260715_091650_140_000003.png,new_ds/Depth\20260715_091650_140_000003.npy,new_ds/Teacher\20260715_091650_140_000003.npy,0,0,No-Light,0
20260715_091650_140_000004,20260715_091650_140,140,train,new_ds/train\20260715_091650_140_000004.png,new_ds/Depth\20260715_091650_140_000004.npy,new_ds/Teacher\20260715_091650_140_000004.npy,1,1,No-Light,4
20260715_091650_140_000005,20260715_091650_140,140,train,new_ds/train\20260715_091650_140_000005.png,new_ds/Depth\20260715_091650_140_000005.npy,new_ds/Teacher\20260715_091650_140_000005.npy,1,1,Red,4
20260715_091650_140_000006,20260715_091650_140,140,train,new_ds/train\20260715_091650_140_000006.png,new_ds/Depth\20260715_091650_140_000006.npy,new_ds/Teacher\20260715_091650_140_000006.npy,1,1,Red,4
20260715_091650_140_000007,20260715_091650_140,140,train,new_ds/train\20260715_091650_140_000007.png,new_ds/Depth\20260715_091650_140_000007.npy,new_ds/Teacher\20260715_091650_140_000007.npy,1,1,Red,4
20260715_091650_140_000008,20260715_091650_140,140,train,new_ds/train\20260715_091650_140_000008.png,new_ds/Depth\20260715_091650_140_000008.npy,new_ds/Teacher\20260715_091650_140_000008.npy,1,1,No-Light,4
20260715_091650_140_000009,20260715_091650_140,140,train,new_ds/train\20260715_091650_140_000009.png,new_ds/Depth\20260715_091650_140_000009.npy,new_ds/Teacher\20260715_091650_140_000009.npy,1,1,No-Light,4
20260715_091650_140_000010,20260715_091650_140,140,train,new_ds/train\20260715_091650_140_000010.png,new_ds/Depth\20260715_091650_140_000010.npy,new_ds/Teacher\20260715_091650_140_000010.npy,1,1,No-Light,4
20260715_091650_140_000011,20260715_091650_140,140,train,new_ds/train\20260715_091650_140_000011.png,new_ds/Depth\20260715_091650_140_000011.npy,new_ds/Teacher\20260715_091650_140_000011.npy,1,1,No-Light,4
20260715_091650_140_000012,20260715_091650_140,140,train,new_ds/train\20260715_091650_140_000012.png,new_ds/Depth\20260715_091650_140_000012.npy,new_ds/Teacher\20260715_091650_140_000012.npy,1,1,No-Light,4
20260715_091650_140_000013,20260715_091650_140,140,train,new_ds/train\20260715_091650_140_000013.png,new_ds/Depth\20260715_091650_140_000013.npy,new_ds/Teacher\20260715_091650_140_000013.npy,1,1,No-Light,4
20260715_091650_140_000014,20260715_091650_140,140,train,new_ds/train\20260715_091650_140_000014.png,new_ds/Depth\20260715_091650_140_000014.npy,new_ds/Teacher\20260715_091650_140_000014.npy,1,1,No-Light,4
20260715_091650_140_000015,20260715_091650_140,140,train,new_ds/train\20260715_091650_140_000015.png,new_ds/Depth\20260715_091650_140_000015.npy,new_ds/Teacher\20260715_091650_140_000015.npy,1,2,No-Light,8
20260715_091650_140_000016,20260715_091650_140,140,train,new_ds/train\20260715_091650_140_000016.png,new_ds/Depth\20260715_091650_140_000016.npy,new_ds/Teacher\20260715_091650_140_000016.npy,1,2,No-Light,8
20260715_091717_150_000000,20260715_091717_150,150,train,new_ds/train\20260715_091717_150_000000.png,new_ds/Depth\20260715_091717_150_000000.npy,new_ds/Teacher\20260715_091717_150_000000.npy,1,1,No-Light,4
20260715_091717_150_000001,20260715_091717_150,150,train,new_ds/train\20260715_091717_150_000001.png,new_ds/Depth\20260715_091717_150_000001.npy,new_ds/Teacher\20260715_091717_150_000001.npy,1,1,No-Light,4
20260715_091717_150_000002,20260715_091717_150,150,train,new_ds/train\20260715_091717_150_000002.png,new_ds/Depth\20260715_091717_150_000002.npy,new_ds/Teacher\20260715_091717_150_000002.npy,1,2,No-Light,8
20260715_091717_150_000003,20260715_091717_150,150,train,new_ds/train\20260715_091717_150_000003.png,new_ds/Depth\20260715_091717_150_000003.npy,new_ds/Teacher\20260715_091717_150_000003.npy,1,1,Red,4
20260715_091717_150_000004,20260715_091717_150,150,train,new_ds/train\20260715_091717_150_000004.png,new_ds/Depth\20260715_091717_150_000004.npy,new_ds/Teacher\20260715_091717_150_000004.npy,1,1,Red,4
20260715_091717_150_000005,20260715_091717_150,150,train,new_ds/train\20260715_091717_150_000005.png,new_ds/Depth\20260715_091717_150_000005.npy,new_ds/Teacher\20260715_091717_150_000005.npy,1,1,Red,4
20260715_091717_150_000006,20260715_091717_150,150,train,new_ds/train\20260715_091717_150_000006.png,new_ds/Depth\20260715_091717_150_000006.npy,new_ds/Teacher\20260715_091717_150_000006.npy,1,1,No-Light,4
20260715_091717_150_000007,20260715_091717_150,150,train,new_ds/train\20260715_091717_150_000007.png,new_ds/Depth\20260715_091717_150_000007.npy,new_ds/Teacher\20260715_091717_150_000007.npy,1,1,No-Light,4
20260715_091717_150_000008,20260715_091717_150,150,train,new_ds/train\20260715_091717_150_000008.png,new_ds/Depth\20260715_091717_150_000008.npy,new_ds/Teacher\20260715_091717_150_000008.npy,1,1,No-Light,4
20260715_091717_150_000009,20260715_091717_150,150,train,new_ds/train\20260715_091717_150_000009.png,new_ds/Depth\20260715_091717_150_000009.npy,new_ds/Teacher\20260715_091717_150_000009.npy,0,0,No-Light,0
20260715_091717_150_000010,20260715_091717_150,150,train,new_ds/train\20260715_091717_150_000010.png,new_ds/Depth\20260715_091717_150_000010.npy,new_ds/Teacher\20260715_091717_150_000010.npy,0,0,No-Light,0
20260715_091717_150_000011,20260715_091717_150,150,train,new_ds/train\20260715_091717_150_000011.png,new_ds/Depth\20260715_091717_150_000011.npy,new_ds/Teacher\20260715_091717_150_000011.npy,0,0,No-Light,0
20260715_091717_150_000012,20260715_091717_150,150,train,new_ds/train\20260715_091717_150_000012.png,new_ds/Depth\20260715_091717_150_000012.npy,new_ds/Teacher\20260715_091717_150_000012.npy,0,0,No-Light,0
20260715_091717_150_000013,20260715_091717_150,150,train,new_ds/train\20260715_091717_150_000013.png,new_ds/Depth\20260715_091717_150_000013.npy,new_ds/Teacher\20260715_091717_150_000013.npy,0,0,No-Light,0
20260715_091737_150_000000,20260715_091737_150,150,train,new_ds/train\20260715_091737_150_000000.png,new_ds/Depth\20260715_091737_150_000000.npy,new_ds/Teacher\20260715_091737_150_000000.npy,1,1,No-Light,4
20260715_091737_150_000001,20260715_091737_150,150,train,new_ds/train\20260715_091737_150_000001.png,new_ds/Depth\20260715_091737_150_000001.npy,new_ds/Teacher\20260715_091737_150_000001.npy,1,1,No-Light,4
20260715_091737_150_000002,20260715_091737_150,150,train,new_ds/train\20260715_091737_150_000002.png,new_ds/Depth\20260715_091737_150_000002.npy,new_ds/Teacher\20260715_091737_150_000002.npy,1,1,Green,4
20260715_091737_150_000003,20260715_091737_150,150,train,new_ds/train\20260715_091737_150_000003.png,new_ds/Depth\20260715_091737_150_000003.npy,new_ds/Teacher\20260715_091737_150_000003.npy,1,1,Green,4
20260715_091737_150_000004,20260715_091737_150,150,train,new_ds/train\20260715_091737_150_000004.png,new_ds/Depth\20260715_091737_150_000004.npy,new_ds/Teacher\20260715_091737_150_000004.npy,1,1,No-Light,4
20260715_091737_150_000005,20260715_091737_150,150,train,new_ds/train\20260715_091737_150_000005.png,new_ds/Depth\20260715_091737_150_000005.npy,new_ds/Teacher\20260715_091737_150_000005.npy,1,1,No-Light,4
20260715_091737_150_000006,20260715_091737_150,150,train,new_ds/train\20260715_091737_150_000006.png,new_ds/Depth\20260715_091737_150_000006.npy,new_ds/Teacher\20260715_091737_150_000006.npy,1,1,No-Light,4
20260715_091737_150_000007,20260715_091737_150,150,train,new_ds/train\20260715_091737_150_000007.png,new_ds/Depth\20260715_091737_150_000007.npy,new_ds/Teacher\20260715_091737_150_000007.npy,1,1,No-Light,4
20260715_091737_150_000008,20260715_091737_150,150,train,new_ds/train\20260715_091737_150_000008.png,new_ds/Depth\20260715_091737_150_000008.npy,new_ds/Teacher\20260715_091737_150_000008.npy,1,1,No-Light,4
20260715_091737_150_000009,20260715_091737_150,150,train,new_ds/train\20260715_091737_150_000009.png,new_ds/Depth\20260715_091737_150_000009.npy,new_ds/Teacher\20260715_091737_150_000009.npy,1,1,No-Light,4
20260715_091737_150_000010,20260715_091737_150,150,train,new_ds/train\20260715_091737_150_000010.png,new_ds/Depth\20260715_091737_150_000010.npy,new_ds/Teacher\20260715_091737_150_000010.npy,1,1,No-Light,4
20260715_091737_150_000011,20260715_091737_150,150,train,new_ds/train\20260715_091737_150_000011.png,new_ds/Depth\20260715_091737_150_000011.npy,new_ds/Teacher\20260715_091737_150_000011.npy,1,1,No-Light,4
20260715_091737_150_000012,20260715_091737_150,150,train,new_ds/train\20260715_091737_150_000012.png,new_ds/Depth\20260715_091737_150_000012.npy,new_ds/Teacher\20260715_091737_150_000012.npy,1,1,No-Light,4
20260715_091737_150_000013,20260715_091737_150,150,train,new_ds/train\20260715_091737_150_000013.png,new_ds/Depth\20260715_091737_150_000013.npy,new_ds/Teacher\20260715_091737_150_000013.npy,1,1,No-Light,4
20260715_091737_150_000014,20260715_091737_150,150,train,new_ds/train\20260715_091737_150_000014.png,new_ds/Depth\20260715_091737_150_000014.npy,new_ds/Teacher\20260715_091737_150_000014.npy,1,2,No-Light,8
20260715_091737_150_000015,20260715_091737_150,150,train,new_ds/train\20260715_091737_150_000015.png,new_ds/Depth\20260715_091737_150_000015.npy,new_ds/Teacher\20260715_091737_150_000015.npy,1,2,No-Light,8
20260715_091737_150_000016,20260715_091737_150,150,train,new_ds/train\20260715_091737_150_000016.png,new_ds/Depth\20260715_091737_150_000016.npy,new_ds/Teacher\20260715_091737_150_000016.npy,1,1,No-Light,4
20260715_091809_160_000000,20260715_091809_160,160,train,new_ds/train\20260715_091809_160_000000.png,new_ds/Depth\20260715_091809_160_000000.npy,new_ds/Teacher\20260715_091809_160_000000.npy,1,1,No-Light,4
20260715_091809_160_000001,20260715_091809_160,160,train,new_ds/train\20260715_091809_160_000001.png,new_ds/Depth\20260715_091809_160_000001.npy,new_ds/Teacher\20260715_091809_160_000001.npy,1,1,No-Light,4
20260715_091809_160_000002,20260715_091809_160,160,train,new_ds/train\20260715_091809_160_000002.png,new_ds/Depth\20260715_091809_160_000002.npy,new_ds/Teacher\20260715_091809_160_000002.npy,1,2,No-Light,8
20260715_091809_160_000003,20260715_091809_160,160,train,new_ds/train\20260715_091809_160_000003.png,new_ds/Depth\20260715_091809_160_000003.npy,new_ds/Teacher\20260715_091809_160_000003.npy,1,1,No-Light,4
20260715_091809_160_000004,20260715_091809_160,160,train,new_ds/train\20260715_091809_160_000004.png,new_ds/Depth\20260715_091809_160_000004.npy,new_ds/Teacher\20260715_091809_160_000004.npy,1,1,No-Light,4
20260715_091809_160_000005,20260715_091809_160,160,train,new_ds/train\20260715_091809_160_000005.png,new_ds/Depth\20260715_091809_160_000005.npy,new_ds/Teacher\20260715_091809_160_000005.npy,1,1,No-Light,4
20260715_091809_160_000006,20260715_091809_160,160,train,new_ds/train\20260715_091809_160_000006.png,new_ds/Depth\20260715_091809_160_000006.npy,new_ds/Teacher\20260715_091809_160_000006.npy,1,1,No-Light,4
20260715_091809_160_000007,20260715_091809_160,160,train,new_ds/train\20260715_091809_160_000007.png,new_ds/Depth\20260715_091809_160_000007.npy,new_ds/Teacher\20260715_091809_160_000007.npy,1,1,No-Light,4
20260715_091809_160_000008,20260715_091809_160,160,train,new_ds/train\20260715_091809_160_000008.png,new_ds/Depth\20260715_091809_160_000008.npy,new_ds/Teacher\20260715_091809_160_000008.npy,1,1,No-Light,4
20260715_091809_160_000009,20260715_091809_160,160,train,new_ds/train\20260715_091809_160_000009.png,new_ds/Depth\20260715_091809_160_000009.npy,new_ds/Teacher\20260715_091809_160_000009.npy,1,1,No-Light,4
20260715_091809_160_000010,20260715_091809_160,160,train,new_ds/train\20260715_091809_160_000010.png,new_ds/Depth\20260715_091809_160_000010.npy,new_ds/Teacher\20260715_091809_160_000010.npy,0,0,No-Light,0
20260715_091809_160_000011,20260715_091809_160,160,train,new_ds/train\20260715_091809_160_000011.png,new_ds/Depth\20260715_091809_160_000011.npy,new_ds/Teacher\20260715_091809_160_000011.npy,0,0,No-Light,0
20260715_091809_160_000012,20260715_091809_160,160,train,new_ds/train\20260715_091809_160_000012.png,new_ds/Depth\20260715_091809_160_000012.npy,new_ds/Teacher\20260715_091809_160_000012.npy,0,0,No-Light,0
20260715_091809_160_000013,20260715_091809_160,160,train,new_ds/train\20260715_091809_160_000013.png,new_ds/Depth\20260715_091809_160_000013.npy,new_ds/Teacher\20260715_091809_160_000013.npy,0,0,No-Light,0
20260715_091809_160_000014,20260715_091809_160,160,train,new_ds/train\20260715_091809_160_000014.png,new_ds/Depth\20260715_091809_160_000014.npy,new_ds/Teacher\20260715_091809_160_000014.npy,0,0,No-Light,0
20260715_091809_160_000015,20260715_091809_160,160,train,new_ds/train\20260715_091809_160_000015.png,new_ds/Depth\20260715_091809_160_000015.npy,new_ds/Teacher\20260715_091809_160_000015.npy,0,0,No-Light,0
20260715_091851_160_000000,20260715_091851_160,160,train,new_ds/train\20260715_091851_160_000000.png,new_ds/Depth\20260715_091851_160_000000.npy,new_ds/Teacher\20260715_091851_160_000000.npy,1,1,No-Light,4
20260715_091851_160_000001,20260715_091851_160,160,train,new_ds/train\20260715_091851_160_000001.png,new_ds/Depth\20260715_091851_160_000001.npy,new_ds/Teacher\20260715_091851_160_000001.npy,1,1,No-Light,4
20260715_091851_160_000002,20260715_091851_160,160,train,new_ds/train\20260715_091851_160_000002.png,new_ds/Depth\20260715_091851_160_000002.npy,new_ds/Teacher\20260715_091851_160_000002.npy,1,1,No-Light,4
20260715_091851_160_000003,20260715_091851_160,160,train,new_ds/train\20260715_091851_160_000003.png,new_ds/Depth\20260715_091851_160_000003.npy,new_ds/Teacher\20260715_091851_160_000003.npy,1,1,Red,4
20260715_091851_160_000004,20260715_091851_160,160,train,new_ds/train\20260715_091851_160_000004.png,new_ds/Depth\20260715_091851_160_000004.npy,new_ds/Teacher\20260715_091851_160_000004.npy,1,1,Red,4
20260715_091851_160_000005,20260715_091851_160,160,train,new_ds/train\20260715_091851_160_000005.png,new_ds/Depth\20260715_091851_160_000005.npy,new_ds/Teacher\20260715_091851_160_000005.npy,1,2,No-Light,8
20260715_091851_160_000006,20260715_091851_160,160,train,new_ds/train\20260715_091851_160_000006.png,new_ds/Depth\20260715_091851_160_000006.npy,new_ds/Teacher\20260715_091851_160_000006.npy,1,2,No-Light,8
20260715_091851_160_000007,20260715_091851_160,160,train,new_ds/train\20260715_091851_160_000007.png,new_ds/Depth\20260715_091851_160_000007.npy,new_ds/Teacher\20260715_091851_160_000007.npy,1,2,No-Light,8
20260715_091851_160_000008,20260715_091851_160,160,train,new_ds/train\20260715_091851_160_000008.png,new_ds/Depth\20260715_091851_160_000008.npy,new_ds/Teacher\20260715_091851_160_000008.npy,1,1,No-Light,4
20260715_091851_160_000009,20260715_091851_160,160,train,new_ds/train\20260715_091851_160_000009.png,new_ds/Depth\20260715_091851_160_000009.npy,new_ds/Teacher\20260715_091851_160_000009.npy,1,1,No-Light,4
20260715_091851_160_000010,20260715_091851_160,160,train,new_ds/train\20260715_091851_160_000010.png,new_ds/Depth\20260715_091851_160_000010.npy,new_ds/Teacher\20260715_091851_160_000010.npy,1,1,No-Light,4
20260715_091851_160_000011,20260715_091851_160,160,train,new_ds/train\20260715_091851_160_000011.png,new_ds/Depth\20260715_091851_160_000011.npy,new_ds/Teacher\20260715_091851_160_000011.npy,1,1,No-Light,4
20260715_091851_160_000012,20260715_091851_160,160,train,new_ds/train\20260715_091851_160_000012.png,new_ds/Depth\20260715_091851_160_000012.npy,new_ds/Teacher\20260715_091851_160_000012.npy,1,1,No-Light,4
20260715_091851_160_000013,20260715_091851_160,160,train,new_ds/train\20260715_091851_160_000013.png,new_ds/Depth\20260715_091851_160_000013.npy,new_ds/Teacher\20260715_091851_160_000013.npy,1,1,No-Light,4
20260715_091851_160_000014,20260715_091851_160,160,train,new_ds/train\20260715_091851_160_000014.png,new_ds/Depth\20260715_091851_160_000014.npy,new_ds/Teacher\20260715_091851_160_000014.npy,1,1,No-Light,4
20260715_091851_160_000015,20260715_091851_160,160,train,new_ds/train\20260715_091851_160_000015.png,new_ds/Depth\20260715_091851_160_000015.npy,new_ds/Teacher\20260715_091851_160_000015.npy,1,1,No-Light,4
20260715_091851_160_000016,20260715_091851_160,160,train,new_ds/train\20260715_091851_160_000016.png,new_ds/Depth\20260715_091851_160_000016.npy,new_ds/Teacher\20260715_091851_160_000016.npy,1,1,No-Light,4
20260715_091940_160_000000,20260715_091940_160,160,train,new_ds/train\20260715_091940_160_000000.png,new_ds/Depth\20260715_091940_160_000000.npy,new_ds/Teacher\20260715_091940_160_000000.npy,1,2,No-Light,8
20260715_091940_160_000001,20260715_091940_160,160,train,new_ds/train\20260715_091940_160_000001.png,new_ds/Depth\20260715_091940_160_000001.npy,new_ds/Teacher\20260715_091940_160_000001.npy,1,1,No-Light,4
20260715_091940_160_000002,20260715_091940_160,160,train,new_ds/train\20260715_091940_160_000002.png,new_ds/Depth\20260715_091940_160_000002.npy,new_ds/Teacher\20260715_091940_160_000002.npy,1,1,No-Light,4
20260715_091940_160_000003,20260715_091940_160,160,train,new_ds/train\20260715_091940_160_000003.png,new_ds/Depth\20260715_091940_160_000003.npy,new_ds/Teacher\20260715_091940_160_000003.npy,1,1,No-Light,4
20260715_091940_160_000004,20260715_091940_160,160,train,new_ds/train\20260715_091940_160_000004.png,new_ds/Depth\20260715_091940_160_000004.npy,new_ds/Teacher\20260715_091940_160_000004.npy,1,2,No-Light,8
20260715_091940_160_000005,20260715_091940_160,160,train,new_ds/train\20260715_091940_160_000005.png,new_ds/Depth\20260715_091940_160_000005.npy,new_ds/Teacher\20260715_091940_160_000005.npy,1,2,Red,8
20260715_091940_160_000006,20260715_091940_160,160,train,new_ds/train\20260715_091940_160_000006.png,new_ds/Depth\20260715_091940_160_000006.npy,new_ds/Teacher\20260715_091940_160_000006.npy,1,2,Red,8
20260715_091940_160_000007,20260715_091940_160,160,train,new_ds/train\20260715_091940_160_000007.png,new_ds/Depth\20260715_091940_160_000007.npy,new_ds/Teacher\20260715_091940_160_000007.npy,1,1,Red,4
20260715_091940_160_000008,20260715_091940_160,160,train,new_ds/train\20260715_091940_160_000008.png,new_ds/Depth\20260715_091940_160_000008.npy,new_ds/Teacher\20260715_091940_160_000008.npy,0,0,No-Light,0
20260715_091940_160_000009,20260715_091940_160,160,train,new_ds/train\20260715_091940_160_000009.png,new_ds/Depth\20260715_091940_160_000009.npy,new_ds/Teacher\20260715_091940_160_000009.npy,0,0,No-Light,0
20260715_091940_160_000010,20260715_091940_160,160,train,new_ds/train\20260715_091940_160_000010.png,new_ds/Depth\20260715_091940_160_000010.npy,new_ds/Teacher\20260715_091940_160_000010.npy,0,0,No-Light,0
20260715_091940_160_000011,20260715_091940_160,160,train,new_ds/train\20260715_091940_160_000011.png,new_ds/Depth\20260715_091940_160_000011.npy,new_ds/Teacher\20260715_091940_160_000011.npy,0,0,No-Light,0
20260715_091940_160_000012,20260715_091940_160,160,train,new_ds/train\20260715_091940_160_000012.png,new_ds/Depth\20260715_091940_160_000012.npy,new_ds/Teacher\20260715_091940_160_000012.npy,0,0,No-Light,0
20260715_091940_160_000013,20260715_091940_160,160,train,new_ds/train\20260715_091940_160_000013.png,new_ds/Depth\20260715_091940_160_000013.npy,new_ds/Teacher\20260715_091940_160_000013.npy,0,0,No-Light,0
20260715_091940_160_000014,20260715_091940_160,160,train,new_ds/train\20260715_091940_160_000014.png,new_ds/Depth\20260715_091940_160_000014.npy,new_ds/Teacher\20260715_091940_160_000014.npy,0,0,No-Light,0
20260715_092000_160_000000,20260715_092000_160,160,train,new_ds/train\20260715_092000_160_000000.png,new_ds/Depth\20260715_092000_160_000000.npy,new_ds/Teacher\20260715_092000_160_000000.npy,0,0,No-Light,0
20260715_092000_160_000001,20260715_092000_160,160,train,new_ds/train\20260715_092000_160_000001.png,new_ds/Depth\20260715_092000_160_000001.npy,new_ds/Teacher\20260715_092000_160_000001.npy,0,0,No-Light,0
20260715_092000_160_000002,20260715_092000_160,160,train,new_ds/train\20260715_092000_160_000002.png,new_ds/Depth\20260715_092000_160_000002.npy,new_ds/Teacher\20260715_092000_160_000002.npy,0,0,No-Light,0
20260715_092000_160_000003,20260715_092000_160,160,train,new_ds/train\20260715_092000_160_000003.png,new_ds/Depth\20260715_092000_160_000003.npy,new_ds/Teacher\20260715_092000_160_000003.npy,1,1,No-Light,4
20260715_092000_160_000004,20260715_092000_160,160,train,new_ds/train\20260715_092000_160_000004.png,new_ds/Depth\20260715_092000_160_000004.npy,new_ds/Teacher\20260715_092000_160_000004.npy,1,1,No-Light,4
20260715_092000_160_000005,20260715_092000_160,160,train,new_ds/train\20260715_092000_160_000005.png,new_ds/Depth\20260715_092000_160_000005.npy,new_ds/Teacher\20260715_092000_160_000005.npy,1,1,Green,4
20260715_092000_160_000006,20260715_092000_160,160,train,new_ds/train\20260715_092000_160_000006.png,new_ds/Depth\20260715_092000_160_000006.npy,new_ds/Teacher\20260715_092000_160_000006.npy,1,1,Green,4
20260715_092000_160_000007,20260715_092000_160,160,train,new_ds/train\20260715_092000_160_000007.png,new_ds/Depth\20260715_092000_160_000007.npy,new_ds/Teacher\20260715_092000_160_000007.npy,1,1,No-Light,4
20260715_092000_160_000008,20260715_092000_160,160,train,new_ds/train\20260715_092000_160_000008.png,new_ds/Depth\20260715_092000_160_000008.npy,new_ds/Teacher\20260715_092000_160_000008.npy,1,1,No-Light,4
20260715_092000_160_000009,20260715_092000_160,160,train,new_ds/train\20260715_092000_160_000009.png,new_ds/Depth\20260715_092000_160_000009.npy,new_ds/Teacher\20260715_092000_160_000009.npy,1,1,No-Light,4
20260715_092000_160_000010,20260715_092000_160,160,train,new_ds/train\20260715_092000_160_000010.png,new_ds/Depth\20260715_092000_160_000010.npy,new_ds/Teacher\20260715_092000_160_000010.npy,1,1,No-Light,4
20260715_092000_160_000011,20260715_092000_160,160,train,new_ds/train\20260715_092000_160_000011.png,new_ds/Depth\20260715_092000_160_000011.npy,new_ds/Teacher\20260715_092000_160_000011.npy,1,2,No-Light,8
20260715_092000_160_000012,20260715_092000_160,160,train,new_ds/train\20260715_092000_160_000012.png,new_ds/Depth\20260715_092000_160_000012.npy,new_ds/Teacher\20260715_092000_160_000012.npy,1,2,No-Light,8
20260715_092000_160_000013,20260715_092000_160,160,train,new_ds/train\20260715_092000_160_000013.png,new_ds/Depth\20260715_092000_160_000013.npy,new_ds/Teacher\20260715_092000_160_000013.npy,1,1,No-Light,4
20260715_092000_160_000014,20260715_092000_160,160,train,new_ds/train\20260715_092000_160_000014.png,new_ds/Depth\20260715_092000_160_000014.npy,new_ds/Teacher\20260715_092000_160_000014.npy,1,1,No-Light,4
20260715_092000_160_000015,20260715_092000_160,160,train,new_ds/train\20260715_092000_160_000015.png,new_ds/Depth\20260715_092000_160_000015.npy,new_ds/Teacher\20260715_092000_160_000015.npy,1,1,No-Light,4
20260715_092000_160_000016,20260715_092000_160,160,train,new_ds/train\20260715_092000_160_000016.png,new_ds/Depth\20260715_092000_160_000016.npy,new_ds/Teacher\20260715_092000_160_000016.npy,1,1,No-Light,4
20260715_092000_160_000017,20260715_092000_160,160,train,new_ds/train\20260715_092000_160_000017.png,new_ds/Depth\20260715_092000_160_000017.npy,new_ds/Teacher\20260715_092000_160_000017.npy,1,1,No-Light,4
20260715_092031_150_000000,20260715_092031_150,150,train,new_ds/train\20260715_092031_150_000000.png,new_ds/Depth\20260715_092031_150_000000.npy,new_ds/Teacher\20260715_092031_150_000000.npy,1,1,No-Light,4
20260715_092031_150_000001,20260715_092031_150,150,train,new_ds/train\20260715_092031_150_000001.png,new_ds/Depth\20260715_092031_150_000001.npy,new_ds/Teacher\20260715_092031_150_000001.npy,1,2,No-Light,8
20260715_092031_150_000002,20260715_092031_150,150,train,new_ds/train\20260715_092031_150_000002.png,new_ds/Depth\20260715_092031_150_000002.npy,new_ds/Teacher\20260715_092031_150_000002.npy,1,1,No-Light,4
20260715_092031_150_000003,20260715_092031_150,150,train,new_ds/train\20260715_092031_150_000003.png,new_ds/Depth\20260715_092031_150_000003.npy,new_ds/Teacher\20260715_092031_150_000003.npy,1,1,No-Light,4
20260715_092031_150_000004,20260715_092031_150,150,train,new_ds/train\20260715_092031_150_000004.png,new_ds/Depth\20260715_092031_150_000004.npy,new_ds/Teacher\20260715_092031_150_000004.npy,1,1,No-Light,4
20260715_092031_150_000005,20260715_092031_150,150,train,new_ds/train\20260715_092031_150_000005.png,new_ds/Depth\20260715_092031_150_000005.npy,new_ds/Teacher\20260715_092031_150_000005.npy,1,2,Red,8
20260715_092031_150_000006,20260715_092031_150,150,train,new_ds/train\20260715_092031_150_000006.png,new_ds/Depth\20260715_092031_150_000006.npy,new_ds/Teacher\20260715_092031_150_000006.npy,1,1,Red,4
20260715_092031_150_000007,20260715_092031_150,150,train,new_ds/train\20260715_092031_150_000007.png,new_ds/Depth\20260715_092031_150_000007.npy,new_ds/Teacher\20260715_092031_150_000007.npy,1,1,Red,4
20260715_092031_150_000008,20260715_092031_150,150,train,new_ds/train\20260715_092031_150_000008.png,new_ds/Depth\20260715_092031_150_000008.npy,new_ds/Teacher\20260715_092031_150_000008.npy,0,0,No-Light,0
20260715_092031_150_000009,20260715_092031_150,150,train,new_ds/train\20260715_092031_150_000009.png,new_ds/Depth\20260715_092031_150_000009.npy,new_ds/Teacher\20260715_092031_150_000009.npy,0,0,No-Light,0
20260715_092031_150_000010,20260715_092031_150,150,train,new_ds/train\20260715_092031_150_000010.png,new_ds/Depth\20260715_092031_150_000010.npy,new_ds/Teacher\20260715_092031_150_000010.npy,0,0,No-Light,0
20260715_092031_150_000011,20260715_092031_150,150,train,new_ds/train\20260715_092031_150_000011.png,new_ds/Depth\20260715_092031_150_000011.npy,new_ds/Teacher\20260715_092031_150_000011.npy,0,0,No-Light,0
20260715_092031_150_000012,20260715_092031_150,150,train,new_ds/train\20260715_092031_150_000012.png,new_ds/Depth\20260715_092031_150_000012.npy,new_ds/Teacher\20260715_092031_150_000012.npy,0,0,No-Light,0
20260715_092031_150_000013,20260715_092031_150,150,train,new_ds/train\20260715_092031_150_000013.png,new_ds/Depth\20260715_092031_150_000013.npy,new_ds/Teacher\20260715_092031_150_000013.npy,0,0,No-Light,0
20260715_092031_150_000014,20260715_092031_150,150,train,new_ds/train\20260715_092031_150_000014.png,new_ds/Depth\20260715_092031_150_000014.npy,new_ds/Teacher\20260715_092031_150_000014.npy,0,0,No-Light,0
20260715_092031_150_000015,20260715_092031_150,150,train,new_ds/train\20260715_092031_150_000015.png,new_ds/Depth\20260715_092031_150_000015.npy,new_ds/Teacher\20260715_092031_150_000015.npy,0,0,No-Light,0
20260715_092031_150_000016,20260715_092031_150,150,train,new_ds/train\20260715_092031_150_000016.png,new_ds/Depth\20260715_092031_150_000016.npy,new_ds/Teacher\20260715_092031_150_000016.npy,0,0,No-Light,0
20260715_092053_150_000000,20260715_092053_150,150,train,new_ds/train\20260715_092053_150_000000.png,new_ds/Depth\20260715_092053_150_000000.npy,new_ds/Teacher\20260715_092053_150_000000.npy,0,0,No-Light,0
20260715_092053_150_000001,20260715_092053_150,150,train,new_ds/train\20260715_092053_150_000001.png,new_ds/Depth\20260715_092053_150_000001.npy,new_ds/Teacher\20260715_092053_150_000001.npy,0,0,No-Light,0
20260715_092053_150_000002,20260715_092053_150,150,train,new_ds/train\20260715_092053_150_000002.png,new_ds/Depth\20260715_092053_150_000002.npy,new_ds/Teacher\20260715_092053_150_000002.npy,1,1,No-Light,4
20260715_092053_150_000003,20260715_092053_150,150,train,new_ds/train\20260715_092053_150_000003.png,new_ds/Depth\20260715_092053_150_000003.npy,new_ds/Teacher\20260715_092053_150_000003.npy,1,1,Red,4
20260715_092053_150_000004,20260715_092053_150,150,train,new_ds/train\20260715_092053_150_000004.png,new_ds/Depth\20260715_092053_150_000004.npy,new_ds/Teacher\20260715_092053_150_000004.npy,1,1,Red,4
20260715_092053_150_000005,20260715_092053_150,150,train,new_ds/train\20260715_092053_150_000005.png,new_ds/Depth\20260715_092053_150_000005.npy,new_ds/Teacher\20260715_092053_150_000005.npy,1,1,Red,4
20260715_092053_150_000006,20260715_092053_150,150,train,new_ds/train\20260715_092053_150_000006.png,new_ds/Depth\20260715_092053_150_000006.npy,new_ds/Teacher\20260715_092053_150_000006.npy,1,1,No-Light,4
20260715_092053_150_000007,20260715_092053_150,150,train,new_ds/train\20260715_092053_150_000007.png,new_ds/Depth\20260715_092053_150_000007.npy,new_ds/Teacher\20260715_092053_150_000007.npy,1,2,No-Light,8
20260715_092053_150_000008,20260715_092053_150,150,train,new_ds/train\20260715_092053_150_000008.png,new_ds/Depth\20260715_092053_150_000008.npy,new_ds/Teacher\20260715_092053_150_000008.npy,1,1,No-Light,4
20260715_092053_150_000009,20260715_092053_150,150,train,new_ds/train\20260715_092053_150_000009.png,new_ds/Depth\20260715_092053_150_000009.npy,new_ds/Teacher\20260715_092053_150_000009.npy,1,1,No-Light,4
20260715_092053_150_000010,20260715_092053_150,150,train,new_ds/train\20260715_092053_150_000010.png,new_ds/Depth\20260715_092053_150_000010.npy,new_ds/Teacher\20260715_092053_150_000010.npy,1,1,No-Light,4
20260715_092053_150_000011,20260715_092053_150,150,train,new_ds/train\20260715_092053_150_000011.png,new_ds/Depth\20260715_092053_150_000011.npy,new_ds/Teacher\20260715_092053_150_000011.npy,0,0,No-Light,0
20260715_092053_150_000012,20260715_092053_150,150,train,new_ds/train\20260715_092053_150_000012.png,new_ds/Depth\20260715_092053_150_000012.npy,new_ds/Teacher\20260715_092053_150_000012.npy,1,1,No-Light,4
20260715_092053_150_000013,20260715_092053_150,150,train,new_ds/train\20260715_092053_150_000013.png,new_ds/Depth\20260715_092053_150_000013.npy,new_ds/Teacher\20260715_092053_150_000013.npy,1,1,No-Light,4
20260715_092053_150_000014,20260715_092053_150,150,train,new_ds/train\20260715_092053_150_000014.png,new_ds/Depth\20260715_092053_150_000014.npy,new_ds/Teacher\20260715_092053_150_000014.npy,1,1,No-Light,4
20260715_092053_150_000015,20260715_092053_150,150,train,new_ds/train\20260715_092053_150_000015.png,new_ds/Depth\20260715_092053_150_000015.npy,new_ds/Teacher\20260715_092053_150_000015.npy,1,1,No-Light,4
20260715_092053_150_000016,20260715_092053_150,150,train,new_ds/train\20260715_092053_150_000016.png,new_ds/Depth\20260715_092053_150_000016.npy,new_ds/Teacher\20260715_092053_150_000016.npy,1,1,No-Light,4
20260715_092122_140_000000,20260715_092122_140,140,train,new_ds/train\20260715_092122_140_000000.png,new_ds/Depth\20260715_092122_140_000000.npy,new_ds/Teacher\20260715_092122_140_000000.npy,1,1,No-Light,4
20260715_092122_140_000001,20260715_092122_140,140,train,new_ds/train\20260715_092122_140_000001.png,new_ds/Depth\20260715_092122_140_000001.npy,new_ds/Teacher\20260715_092122_140_000001.npy,1,1,No-Light,4
20260715_092122_140_000002,20260715_092122_140,140,train,new_ds/train\20260715_092122_140_000002.png,new_ds/Depth\20260715_092122_140_000002.npy,new_ds/Teacher\20260715_092122_140_000002.npy,1,2,Green,8
20260715_092122_140_000003,20260715_092122_140,140,train,new_ds/train\20260715_092122_140_000003.png,new_ds/Depth\20260715_092122_140_000003.npy,new_ds/Teacher\20260715_092122_140_000003.npy,1,2,Green,8
20260715_092122_140_000004,20260715_092122_140,140,train,new_ds/train\20260715_092122_140_000004.png,new_ds/Depth\20260715_092122_140_000004.npy,new_ds/Teacher\20260715_092122_140_000004.npy,1,1,Green,4
20260715_092122_140_000005,20260715_092122_140,140,train,new_ds/train\20260715_092122_140_000005.png,new_ds/Depth\20260715_092122_140_000005.npy,new_ds/Teacher\20260715_092122_140_000005.npy,1,1,No-Light,4
20260715_092122_140_000006,20260715_092122_140,140,train,new_ds/train\20260715_092122_140_000006.png,new_ds/Depth\20260715_092122_140_000006.npy,new_ds/Teacher\20260715_092122_140_000006.npy,1,1,No-Light,4
20260715_092122_140_000007,20260715_092122_140,140,train,new_ds/train\20260715_092122_140_000007.png,new_ds/Depth\20260715_092122_140_000007.npy,new_ds/Teacher\20260715_092122_140_000007.npy,0,0,No-Light,0
20260715_092122_140_000008,20260715_092122_140,140,train,new_ds/train\20260715_092122_140_000008.png,new_ds/Depth\20260715_092122_140_000008.npy,new_ds/Teacher\20260715_092122_140_000008.npy,0,0,No-Light,0
20260715_092122_140_000009,20260715_092122_140,140,train,new_ds/train\20260715_092122_140_000009.png,new_ds/Depth\20260715_092122_140_000009.npy,new_ds/Teacher\20260715_092122_140_000009.npy,0,0,No-Light,0
20260715_092122_140_000010,20260715_092122_140,140,train,new_ds/train\20260715_092122_140_000010.png,new_ds/Depth\20260715_092122_140_000010.npy,new_ds/Teacher\20260715_092122_140_000010.npy,0,0,No-Light,0
20260715_092122_140_000011,20260715_092122_140,140,train,new_ds/train\20260715_092122_140_000011.png,new_ds/Depth\20260715_092122_140_000011.npy,new_ds/Teacher\20260715_092122_140_000011.npy,0,0,No-Light,0
20260715_092122_140_000012,20260715_092122_140,140,train,new_ds/train\20260715_092122_140_000012.png,new_ds/Depth\20260715_092122_140_000012.npy,new_ds/Teacher\20260715_092122_140_000012.npy,0,0,No-Light,0
20260715_092122_140_000013,20260715_092122_140,140,train,new_ds/train\20260715_092122_140_000013.png,new_ds/Depth\20260715_092122_140_000013.npy,new_ds/Teacher\20260715_092122_140_000013.npy,0,0,No-Light,0
20260715_092122_140_000014,20260715_092122_140,140,train,new_ds/train\20260715_092122_140_000014.png,new_ds/Depth\20260715_092122_140_000014.npy,new_ds/Teacher\20260715_092122_140_000014.npy,0,0,No-Light,0
20260715_092122_140_000015,20260715_092122_140,140,train,new_ds/train\20260715_092122_140_000015.png,new_ds/Depth\20260715_092122_140_000015.npy,new_ds/Teacher\20260715_092122_140_000015.npy,0,0,No-Light,0
20260715_092122_140_000016,20260715_092122_140,140,train,new_ds/train\20260715_092122_140_000016.png,new_ds/Depth\20260715_092122_140_000016.npy,new_ds/Teacher\20260715_092122_140_000016.npy,0,0,No-Light,0
20260715_092143_140_000000,20260715_092143_140,140,train,new_ds/train\20260715_092143_140_000000.png,new_ds/Depth\20260715_092143_140_000000.npy,new_ds/Teacher\20260715_092143_140_000000.npy,0,0,No-Light,0
20260715_092143_140_000001,20260715_092143_140,140,train,new_ds/train\20260715_092143_140_000001.png,new_ds/Depth\20260715_092143_140_000001.npy,new_ds/Teacher\20260715_092143_140_000001.npy,0,0,No-Light,0
20260715_092143_140_000002,20260715_092143_140,140,train,new_ds/train\20260715_092143_140_000002.png,new_ds/Depth\20260715_092143_140_000002.npy,new_ds/Teacher\20260715_092143_140_000002.npy,0,0,No-Light,0
20260715_092143_140_000003,20260715_092143_140,140,train,new_ds/train\20260715_092143_140_000003.png,new_ds/Depth\20260715_092143_140_000003.npy,new_ds/Teacher\20260715_092143_140_000003.npy,1,1,No-Light,4
20260715_092143_140_000004,20260715_092143_140,140,train,new_ds/train\20260715_092143_140_000004.png,new_ds/Depth\20260715_092143_140_000004.npy,new_ds/Teacher\20260715_092143_140_000004.npy,1,1,No-Light,4
20260715_092143_140_000005,20260715_092143_140,140,train,new_ds/train\20260715_092143_140_000005.png,new_ds/Depth\20260715_092143_140_000005.npy,new_ds/Teacher\20260715_092143_140_000005.npy,1,1,Green,4
20260715_092143_140_000006,20260715_092143_140,140,train,new_ds/train\20260715_092143_140_000006.png,new_ds/Depth\20260715_092143_140_000006.npy,new_ds/Teacher\20260715_092143_140_000006.npy,1,1,Green,4
20260715_092143_140_000007,20260715_092143_140,140,train,new_ds/train\20260715_092143_140_000007.png,new_ds/Depth\20260715_092143_140_000007.npy,new_ds/Teacher\20260715_092143_140_000007.npy,1,1,No-Light,4
20260715_092143_140_000008,20260715_092143_140,140,train,new_ds/train\20260715_092143_140_000008.png,new_ds/Depth\20260715_092143_140_000008.npy,new_ds/Teacher\20260715_092143_140_000008.npy,1,2,No-Light,8
20260715_092143_140_000009,20260715_092143_140,140,train,new_ds/train\20260715_092143_140_000009.png,new_ds/Depth\20260715_092143_140_000009.npy,new_ds/Teacher\20260715_092143_140_000009.npy,1,2,No-Light,8
20260715_092143_140_000010,20260715_092143_140,140,train,new_ds/train\20260715_092143_140_000010.png,new_ds/Depth\20260715_092143_140_000010.npy,new_ds/Teacher\20260715_092143_140_000010.npy,1,1,No-Light,4
20260715_092143_140_000011,20260715_092143_140,140,train,new_ds/train\20260715_092143_140_000011.png,new_ds/Depth\20260715_092143_140_000011.npy,new_ds/Teacher\20260715_092143_140_000011.npy,1,1,No-Light,4
20260715_092143_140_000012,20260715_092143_140,140,train,new_ds/train\20260715_092143_140_000012.png,new_ds/Depth\20260715_092143_140_000012.npy,new_ds/Teacher\20260715_092143_140_000012.npy,1,1,No-Light,4
20260715_092143_140_000013,20260715_092143_140,140,train,new_ds/train\20260715_092143_140_000013.png,new_ds/Depth\20260715_092143_140_000013.npy,new_ds/Teacher\20260715_092143_140_000013.npy,1,1,No-Light,4
20260715_092143_140_000014,20260715_092143_140,140,train,new_ds/train\20260715_092143_140_000014.png,new_ds/Depth\20260715_092143_140_000014.npy,new_ds/Teacher\20260715_092143_140_000014.npy,0,0,No-Light,0
20260715_092143_140_000015,20260715_092143_140,140,train,new_ds/train\20260715_092143_140_000015.png,new_ds/Depth\20260715_092143_140_000015.npy,new_ds/Teacher\20260715_092143_140_000015.npy,0,0,No-Light,0
20260715_092143_140_000016,20260715_092143_140,140,train,new_ds/train\20260715_092143_140_000016.png,new_ds/Depth\20260715_092143_140_000016.npy,new_ds/Teacher\20260715_092143_140_000016.npy,0,0,No-Light,0
20260715_092143_140_000017,20260715_092143_140,140,train,new_ds/train\20260715_092143_140_000017.png,new_ds/Depth\20260715_092143_140_000017.npy,new_ds/Teacher\20260715_092143_140_000017.npy,0,0,No-Light,0
20260715_092211_130_000000,20260715_092211_130,130,test,new_ds/train\20260715_092211_130_000000.png,new_ds/Depth\20260715_092211_130_000000.npy,new_ds/Teacher\20260715_092211_130_000000.npy,0,0,No-Light,0
20260715_092211_130_000001,20260715_092211_130,130,test,new_ds/train\20260715_092211_130_000001.png,new_ds/Depth\20260715_092211_130_000001.npy,new_ds/Teacher\20260715_092211_130_000001.npy,0,0,No-Light,0
20260715_092211_130_000002,20260715_092211_130,130,test,new_ds/train\20260715_092211_130_000002.png,new_ds/Depth\20260715_092211_130_000002.npy,new_ds/Teacher\20260715_092211_130_000002.npy,0,0,No-Light,0
20260715_092211_130_000003,20260715_092211_130,130,test,new_ds/train\20260715_092211_130_000003.png,new_ds/Depth\20260715_092211_130_000003.npy,new_ds/Teacher\20260715_092211_130_000003.npy,1,1,No-Light,4
20260715_092211_130_000004,20260715_092211_130,130,test,new_ds/train\20260715_092211_130_000004.png,new_ds/Depth\20260715_092211_130_000004.npy,new_ds/Teacher\20260715_092211_130_000004.npy,1,2,Red,8
20260715_092211_130_000005,20260715_092211_130,130,test,new_ds/train\20260715_092211_130_000005.png,new_ds/Depth\20260715_092211_130_000005.npy,new_ds/Teacher\20260715_092211_130_000005.npy,1,1,Red,4
20260715_092211_130_000006,20260715_092211_130,130,test,new_ds/train\20260715_092211_130_000006.png,new_ds/Depth\20260715_092211_130_000006.npy,new_ds/Teacher\20260715_092211_130_000006.npy,1,1,No-Light,4
20260715_092211_130_000007,20260715_092211_130,130,test,new_ds/train\20260715_092211_130_000007.png,new_ds/Depth\20260715_092211_130_000007.npy,new_ds/Teacher\20260715_092211_130_000007.npy,1,1,No-Light,4
20260715_092211_130_000008,20260715_092211_130,130,test,new_ds/train\20260715_092211_130_000008.png,new_ds/Depth\20260715_092211_130_000008.npy,new_ds/Teacher\20260715_092211_130_000008.npy,1,1,No-Light,4
20260715_092211_130_000009,20260715_092211_130,130,test,new_ds/train\20260715_092211_130_000009.png,new_ds/Depth\20260715_092211_130_000009.npy,new_ds/Teacher\20260715_092211_130_000009.npy,1,1,No-Light,4
20260715_092211_130_000010,20260715_092211_130,130,test,new_ds/train\20260715_092211_130_000010.png,new_ds/Depth\20260715_092211_130_000010.npy,new_ds/Teacher\20260715_092211_130_000010.npy,0,0,No-Light,0
20260715_092211_130_000011,20260715_092211_130,130,test,new_ds/train\20260715_092211_130_000011.png,new_ds/Depth\20260715_092211_130_000011.npy,new_ds/Teacher\20260715_092211_130_000011.npy,0,0,No-Light,0
20260715_092211_130_000012,20260715_092211_130,130,test,new_ds/train\20260715_092211_130_000012.png,new_ds/Depth\20260715_092211_130_000012.npy,new_ds/Teacher\20260715_092211_130_000012.npy,0,0,No-Light,0
20260715_092211_130_000013,20260715_092211_130,130,test,new_ds/train\20260715_092211_130_000013.png,new_ds/Depth\20260715_092211_130_000013.npy,new_ds/Teacher\20260715_092211_130_000013.npy,0,0,No-Light,0
20260715_092211_130_000014,20260715_092211_130,130,test,new_ds/train\20260715_092211_130_000014.png,new_ds/Depth\20260715_092211_130_000014.npy,new_ds/Teacher\20260715_092211_130_000014.npy,0,0,No-Light,0
20260715_092211_130_000015,20260715_092211_130,130,test,new_ds/train\20260715_092211_130_000015.png,new_ds/Depth\20260715_092211_130_000015.npy,new_ds/Teacher\20260715_092211_130_000015.npy,0,0,No-Light,0
20260715_092211_130_000016,20260715_092211_130,130,test,new_ds/train\20260715_092211_130_000016.png,new_ds/Depth\20260715_092211_130_000016.npy,new_ds/Teacher\20260715_092211_130_000016.npy,0,0,No-Light,0
20260715_092211_130_000017,20260715_092211_130,130,test,new_ds/train\20260715_092211_130_000017.png,new_ds/Depth\20260715_092211_130_000017.npy,new_ds/Teacher\20260715_092211_130_000017.npy,0,0,No-Light,0
20260715_092237_130_000000,20260715_092237_130,130,test,new_ds/train\20260715_092237_130_000000.png,new_ds/Depth\20260715_092237_130_000000.npy,new_ds/Teacher\20260715_092237_130_000000.npy,1,1,No-Light,4
20260715_092237_130_000001,20260715_092237_130,130,test,new_ds/train\20260715_092237_130_000001.png,new_ds/Depth\20260715_092237_130_000001.npy,new_ds/Teacher\20260715_092237_130_000001.npy,1,1,No-Light,4
20260715_092237_130_000002,20260715_092237_130,130,test,new_ds/train\20260715_092237_130_000002.png,new_ds/Depth\20260715_092237_130_000002.npy,new_ds/Teacher\20260715_092237_130_000002.npy,1,1,No-Light,4
20260715_092237_130_000003,20260715_092237_130,130,test,new_ds/train\20260715_092237_130_000003.png,new_ds/Depth\20260715_092237_130_000003.npy,new_ds/Teacher\20260715_092237_130_000003.npy,1,1,Red,4
20260715_092237_130_000004,20260715_092237_130,130,test,new_ds/train\20260715_092237_130_000004.png,new_ds/Depth\20260715_092237_130_000004.npy,new_ds/Teacher\20260715_092237_130_000004.npy,1,1,Red,4
20260715_092237_130_000005,20260715_092237_130,130,test,new_ds/train\20260715_092237_130_000005.png,new_ds/Depth\20260715_092237_130_000005.npy,new_ds/Teacher\20260715_092237_130_000005.npy,1,1,Red,4
20260715_092237_130_000006,20260715_092237_130,130,test,new_ds/train\20260715_092237_130_000006.png,new_ds/Depth\20260715_092237_130_000006.npy,new_ds/Teacher\20260715_092237_130_000006.npy,1,1,No-Light,4
20260715_092237_130_000007,20260715_092237_130,130,test,new_ds/train\20260715_092237_130_000007.png,new_ds/Depth\20260715_092237_130_000007.npy,new_ds/Teacher\20260715_092237_130_000007.npy,1,1,No-Light,4
20260715_092237_130_000008,20260715_092237_130,130,test,new_ds/train\20260715_092237_130_000008.png,new_ds/Depth\20260715_092237_130_000008.npy,new_ds/Teacher\20260715_092237_130_000008.npy,1,2,No-Light,8
20260715_092237_130_000009,20260715_092237_130,130,test,new_ds/train\20260715_092237_130_000009.png,new_ds/Depth\20260715_092237_130_000009.npy,new_ds/Teacher\20260715_092237_130_000009.npy,1,1,No-Light,4
20260715_092237_130_000010,20260715_092237_130,130,test,new_ds/train\20260715_092237_130_000010.png,new_ds/Depth\20260715_092237_130_000010.npy,new_ds/Teacher\20260715_092237_130_000010.npy,1,1,No-Light,4
20260715_092237_130_000011,20260715_092237_130,130,test,new_ds/train\20260715_092237_130_000011.png,new_ds/Depth\20260715_092237_130_000011.npy,new_ds/Teacher\20260715_092237_130_000011.npy,1,1,No-Light,4
20260715_092237_130_000012,20260715_092237_130,130,test,new_ds/train\20260715_092237_130_000012.png,new_ds/Depth\20260715_092237_130_000012.npy,new_ds/Teacher\20260715_092237_130_000012.npy,1,1,No-Light,4
20260715_092237_130_000013,20260715_092237_130,130,test,new_ds/train\20260715_092237_130_000013.png,new_ds/Depth\20260715_092237_130_000013.npy,new_ds/Teacher\20260715_092237_130_000013.npy,0,0,No-Light,0
20260715_092237_130_000014,20260715_092237_130,130,test,new_ds/train\20260715_092237_130_000014.png,new_ds/Depth\20260715_092237_130_000014.npy,new_ds/Teacher\20260715_092237_130_000014.npy,0,0,No-Light,0
20260715_092237_130_000015,20260715_092237_130,130,test,new_ds/train\20260715_092237_130_000015.png,new_ds/Depth\20260715_092237_130_000015.npy,new_ds/Teacher\20260715_092237_130_000015.npy,0,0,No-Light,0
20260715_092237_130_000016,20260715_092237_130,130,test,new_ds/train\20260715_092237_130_000016.png,new_ds/Depth\20260715_092237_130_000016.npy,new_ds/Teacher\20260715_092237_130_000016.npy,0,0,No-Light,0
20260715_092237_130_000017,20260715_092237_130,130,test,new_ds/train\20260715_092237_130_000017.png,new_ds/Depth\20260715_092237_130_000017.npy,new_ds/Teacher\20260715_092237_130_000017.npy,0,0,No-Light,0
20260715_092306_120_000000,20260715_092306_120,120,test,new_ds/train\20260715_092306_120_000000.png,new_ds/Depth\20260715_092306_120_000000.npy,new_ds/Teacher\20260715_092306_120_000000.npy,1,1,No-Light,4
20260715_092306_120_000001,20260715_092306_120,120,test,new_ds/train\20260715_092306_120_000001.png,new_ds/Depth\20260715_092306_120_000001.npy,new_ds/Teacher\20260715_092306_120_000001.npy,1,1,No-Light,4
20260715_092306_120_000002,20260715_092306_120,120,test,new_ds/train\20260715_092306_120_000002.png,new_ds/Depth\20260715_092306_120_000002.npy,new_ds/Teacher\20260715_092306_120_000002.npy,1,1,No-Light,4
20260715_092306_120_000003,20260715_092306_120,120,test,new_ds/train\20260715_092306_120_000003.png,new_ds/Depth\20260715_092306_120_000003.npy,new_ds/Teacher\20260715_092306_120_000003.npy,1,1,No-Light,4
20260715_092306_120_000004,20260715_092306_120,120,test,new_ds/train\20260715_092306_120_000004.png,new_ds/Depth\20260715_092306_120_000004.npy,new_ds/Teacher\20260715_092306_120_000004.npy,1,1,No-Light,4
20260715_092306_120_000005,20260715_092306_120,120,test,new_ds/train\20260715_092306_120_000005.png,new_ds/Depth\20260715_092306_120_000005.npy,new_ds/Teacher\20260715_092306_120_000005.npy,1,1,No-Light,4
20260715_092306_120_000006,20260715_092306_120,120,test,new_ds/train\20260715_092306_120_000006.png,new_ds/Depth\20260715_092306_120_000006.npy,new_ds/Teacher\20260715_092306_120_000006.npy,0,0,No-Light,0
20260715_092306_120_000007,20260715_092306_120,120,test,new_ds/train\20260715_092306_120_000007.png,new_ds/Depth\20260715_092306_120_000007.npy,new_ds/Teacher\20260715_092306_120_000007.npy,0,0,No-Light,0
20260715_092306_120_000008,20260715_092306_120,120,test,new_ds/train\20260715_092306_120_000008.png,new_ds/Depth\20260715_092306_120_000008.npy,new_ds/Teacher\20260715_092306_120_000008.npy,0,0,No-Light,0
20260715_092306_120_000009,20260715_092306_120,120,test,new_ds/train\20260715_092306_120_000009.png,new_ds/Depth\20260715_092306_120_000009.npy,new_ds/Teacher\20260715_092306_120_000009.npy,0,0,No-Light,0
20260715_092306_120_000010,20260715_092306_120,120,test,new_ds/train\20260715_092306_120_000010.png,new_ds/Depth\20260715_092306_120_000010.npy,new_ds/Teacher\20260715_092306_120_000010.npy,0,0,No-Light,0
20260715_092306_120_000011,20260715_092306_120,120,test,new_ds/train\20260715_092306_120_000011.png,new_ds/Depth\20260715_092306_120_000011.npy,new_ds/Teacher\20260715_092306_120_000011.npy,0,0,No-Light,0
20260715_092306_120_000012,20260715_092306_120,120,test,new_ds/train\20260715_092306_120_000012.png,new_ds/Depth\20260715_092306_120_000012.npy,new_ds/Teacher\20260715_092306_120_000012.npy,0,0,No-Light,0
20260715_092306_120_000013,20260715_092306_120,120,test,new_ds/train\20260715_092306_120_000013.png,new_ds/Depth\20260715_092306_120_000013.npy,new_ds/Teacher\20260715_092306_120_000013.npy,0,0,No-Light,0
20260715_092326_120_000000,20260715_092326_120,120,test,new_ds/train\20260715_092326_120_000000.png,new_ds/Depth\20260715_092326_120_000000.npy,new_ds/Teacher\20260715_092326_120_000000.npy,1,1,No-Light,4
20260715_092326_120_000001,20260715_092326_120,120,test,new_ds/train\20260715_092326_120_000001.png,new_ds/Depth\20260715_092326_120_000001.npy,new_ds/Teacher\20260715_092326_120_000001.npy,1,1,No-Light,4
20260715_092326_120_000002,20260715_092326_120,120,test,new_ds/train\20260715_092326_120_000002.png,new_ds/Depth\20260715_092326_120_000002.npy,new_ds/Teacher\20260715_092326_120_000002.npy,1,1,Green,4
20260715_092326_120_000003,20260715_092326_120,120,test,new_ds/train\20260715_092326_120_000003.png,new_ds/Depth\20260715_092326_120_000003.npy,new_ds/Teacher\20260715_092326_120_000003.npy,1,1,Green,4
20260715_092326_120_000004,20260715_092326_120,120,test,new_ds/train\20260715_092326_120_000004.png,new_ds/Depth\20260715_092326_120_000004.npy,new_ds/Teacher\20260715_092326_120_000004.npy,1,1,No-Light,4
20260715_092326_120_000005,20260715_092326_120,120,test,new_ds/train\20260715_092326_120_000005.png,new_ds/Depth\20260715_092326_120_000005.npy,new_ds/Teacher\20260715_092326_120_000005.npy,1,1,No-Light,4
20260715_092326_120_000006,20260715_092326_120,120,test,new_ds/train\20260715_092326_120_000006.png,new_ds/Depth\20260715_092326_120_000006.npy,new_ds/Teacher\20260715_092326_120_000006.npy,1,2,No-Light,8
20260715_092326_120_000007,20260715_092326_120,120,test,new_ds/train\20260715_092326_120_000007.png,new_ds/Depth\20260715_092326_120_000007.npy,new_ds/Teacher\20260715_092326_120_000007.npy,1,2,No-Light,8
20260715_092326_120_000008,20260715_092326_120,120,test,new_ds/train\20260715_092326_120_000008.png,new_ds/Depth\20260715_092326_120_000008.npy,new_ds/Teacher\20260715_092326_120_000008.npy,1,1,No-Light,4
20260715_092326_120_000009,20260715_092326_120,120,test,new_ds/train\20260715_092326_120_000009.png,new_ds/Depth\20260715_092326_120_000009.npy,new_ds/Teacher\20260715_092326_120_000009.npy,1,1,No-Light,4
20260715_092326_120_000010,20260715_092326_120,120,test,new_ds/train\20260715_092326_120_000010.png,new_ds/Depth\20260715_092326_120_000010.npy,new_ds/Teacher\20260715_092326_120_000010.npy,1,1,No-Light,4
20260715_092326_120_000011,20260715_092326_120,120,test,new_ds/train\20260715_092326_120_000011.png,new_ds/Depth\20260715_092326_120_000011.npy,new_ds/Teacher\20260715_092326_120_000011.npy,1,1,No-Light,4
20260715_092326_120_000012,20260715_092326_120,120,test,new_ds/train\20260715_092326_120_000012.png,new_ds/Depth\20260715_092326_120_000012.npy,new_ds/Teacher\20260715_092326_120_000012.npy,0,0,No-Light,0
20260715_092326_120_000013,20260715_092326_120,120,test,new_ds/train\20260715_092326_120_000013.png,new_ds/Depth\20260715_092326_120_000013.npy,new_ds/Teacher\20260715_092326_120_000013.npy,0,0,No-Light,0
20260715_092326_120_000014,20260715_092326_120,120,test,new_ds/train\20260715_092326_120_000014.png,new_ds/Depth\20260715_092326_120_000014.npy,new_ds/Teacher\20260715_092326_120_000014.npy,0,0,No-Light,0
20260715_092326_120_000015,20260715_092326_120,120,test,new_ds/train\20260715_092326_120_000015.png,new_ds/Depth\20260715_092326_120_000015.npy,new_ds/Teacher\20260715_092326_120_000015.npy,0,0,No-Light,0
20260715_092326_120_000016,20260715_092326_120,120,test,new_ds/train\20260715_092326_120_000016.png,new_ds/Depth\20260715_092326_120_000016.npy,new_ds/Teacher\20260715_092326_120_000016.npy,0,0,No-Light,0
20260715_092407_120_000000,20260715_092407_120,120,test,new_ds/train\20260715_092407_120_000000.png,new_ds/Depth\20260715_092407_120_000000.npy,new_ds/Teacher\20260715_092407_120_000000.npy,1,1,No-Light,4
20260715_092407_120_000001,20260715_092407_120,120,test,new_ds/train\20260715_092407_120_000001.png,new_ds/Depth\20260715_092407_120_000001.npy,new_ds/Teacher\20260715_092407_120_000001.npy,1,1,No-Light,4
20260715_092407_120_000002,20260715_092407_120,120,test,new_ds/train\20260715_092407_120_000002.png,new_ds/Depth\20260715_092407_120_000002.npy,new_ds/Teacher\20260715_092407_120_000002.npy,1,1,No-Light,4
20260715_092407_120_000003,20260715_092407_120,120,test,new_ds/train\20260715_092407_120_000003.png,new_ds/Depth\20260715_092407_120_000003.npy,new_ds/Teacher\20260715_092407_120_000003.npy,1,1,No-Light,4
20260715_092407_120_000004,20260715_092407_120,120,test,new_ds/train\20260715_092407_120_000004.png,new_ds/Depth\20260715_092407_120_000004.npy,new_ds/Teacher\20260715_092407_120_000004.npy,1,1,No-Light,4
20260715_092407_120_000005,20260715_092407_120,120,test,new_ds/train\20260715_092407_120_000005.png,new_ds/Depth\20260715_092407_120_000005.npy,new_ds/Teacher\20260715_092407_120_000005.npy,1,1,No-Light,4
20260715_092407_120_000006,20260715_092407_120,120,test,new_ds/train\20260715_092407_120_000006.png,new_ds/Depth\20260715_092407_120_000006.npy,new_ds/Teacher\20260715_092407_120_000006.npy,1,1,Green,4
20260715_092407_120_000007,20260715_092407_120,120,test,new_ds/train\20260715_092407_120_000007.png,new_ds/Depth\20260715_092407_120_000007.npy,new_ds/Teacher\20260715_092407_120_000007.npy,1,1,Green,4
20260715_092407_120_000008,20260715_092407_120,120,test,new_ds/train\20260715_092407_120_000008.png,new_ds/Depth\20260715_092407_120_000008.npy,new_ds/Teacher\20260715_092407_120_000008.npy,1,1,Green,4
20260715_092407_120_000009,20260715_092407_120,120,test,new_ds/train\20260715_092407_120_000009.png,new_ds/Depth\20260715_092407_120_000009.npy,new_ds/Teacher\20260715_092407_120_000009.npy,0,0,No-Light,0
20260715_092407_120_000010,20260715_092407_120,120,test,new_ds/train\20260715_092407_120_000010.png,new_ds/Depth\20260715_092407_120_000010.npy,new_ds/Teacher\20260715_092407_120_000010.npy,0,0,No-Light,0
20260715_092407_120_000011,20260715_092407_120,120,test,new_ds/train\20260715_092407_120_000011.png,new_ds/Depth\20260715_092407_120_000011.npy,new_ds/Teacher\20260715_092407_120_000011.npy,0,0,No-Light,0
20260715_092407_120_000012,20260715_092407_120,120,test,new_ds/train\20260715_092407_120_000012.png,new_ds/Depth\20260715_092407_120_000012.npy,new_ds/Teacher\20260715_092407_120_000012.npy,0,0,No-Light,0
20260715_092407_120_000013,20260715_092407_120,120,test,new_ds/train\20260715_092407_120_000013.png,new_ds/Depth\20260715_092407_120_000013.npy,new_ds/Teacher\20260715_092407_120_000013.npy,0,0,No-Light,0
20260715_092407_120_000014,20260715_092407_120,120,test,new_ds/train\20260715_092407_120_000014.png,new_ds/Depth\20260715_092407_120_000014.npy,new_ds/Teacher\20260715_092407_120_000014.npy,0,0,No-Light,0
20260715_092407_120_000015,20260715_092407_120,120,test,new_ds/train\20260715_092407_120_000015.png,new_ds/Depth\20260715_092407_120_000015.npy,new_ds/Teacher\20260715_092407_120_000015.npy,0,0,No-Light,0
20260715_092407_120_000016,20260715_092407_120,120,test,new_ds/train\20260715_092407_120_000016.png,new_ds/Depth\20260715_092407_120_000016.npy,new_ds/Teacher\20260715_092407_120_000016.npy,0,0,No-Light,0
20260715_092429_120_000000,20260715_092429_120,120,test,new_ds/train\20260715_092429_120_000000.png,new_ds/Depth\20260715_092429_120_000000.npy,new_ds/Teacher\20260715_092429_120_000000.npy,0,0,No-Light,0
20260715_092429_120_000001,20260715_092429_120,120,test,new_ds/train\20260715_092429_120_000001.png,new_ds/Depth\20260715_092429_120_000001.npy,new_ds/Teacher\20260715_092429_120_000001.npy,0,0,No-Light,0
20260715_092429_120_000002,20260715_092429_120,120,test,new_ds/train\20260715_092429_120_000002.png,new_ds/Depth\20260715_092429_120_000002.npy,new_ds/Teacher\20260715_092429_120_000002.npy,0,0,No-Light,0
20260715_092429_120_000003,20260715_092429_120,120,test,new_ds/train\20260715_092429_120_000003.png,new_ds/Depth\20260715_092429_120_000003.npy,new_ds/Teacher\20260715_092429_120_000003.npy,1,1,No-Light,4
20260715_092429_120_000004,20260715_092429_120,120,test,new_ds/train\20260715_092429_120_000004.png,new_ds/Depth\20260715_092429_120_000004.npy,new_ds/Teacher\20260715_092429_120_000004.npy,1,1,Green,4
20260715_092429_120_000005,20260715_092429_120,120,test,new_ds/train\20260715_092429_120_000005.png,new_ds/Depth\20260715_092429_120_000005.npy,new_ds/Teacher\20260715_092429_120_000005.npy,1,1,Green,4
20260715_092429_120_000006,20260715_092429_120,120,test,new_ds/train\20260715_092429_120_000006.png,new_ds/Depth\20260715_092429_120_000006.npy,new_ds/Teacher\20260715_092429_120_000006.npy,1,1,Green,4
20260715_092429_120_000007,20260715_092429_120,120,test,new_ds/train\20260715_092429_120_000007.png,new_ds/Depth\20260715_092429_120_000007.npy,new_ds/Teacher\20260715_092429_120_000007.npy,1,1,No-Light,4
20260715_092429_120_000008,20260715_092429_120,120,test,new_ds/train\20260715_092429_120_000008.png,new_ds/Depth\20260715_092429_120_000008.npy,new_ds/Teacher\20260715_092429_120_000008.npy,0,0,No-Light,0
20260715_092429_120_000009,20260715_092429_120,120,test,new_ds/train\20260715_092429_120_000009.png,new_ds/Depth\20260715_092429_120_000009.npy,new_ds/Teacher\20260715_092429_120_000009.npy,1,1,No-Light,4
20260715_092429_120_000010,20260715_092429_120,120,test,new_ds/train\20260715_092429_120_000010.png,new_ds/Depth\20260715_092429_120_000010.npy,new_ds/Teacher\20260715_092429_120_000010.npy,1,1,No-Light,4
20260715_092429_120_000011,20260715_092429_120,120,test,new_ds/train\20260715_092429_120_000011.png,new_ds/Depth\20260715_092429_120_000011.npy,new_ds/Teacher\20260715_092429_120_000011.npy,1,1,No-Light,4
20260715_092429_120_000012,20260715_092429_120,120,test,new_ds/train\20260715_092429_120_000012.png,new_ds/Depth\20260715_092429_120_000012.npy,new_ds/Teacher\20260715_092429_120_000012.npy,1,1,No-Light,4
20260715_092429_120_000013,20260715_092429_120,120,test,new_ds/train\20260715_092429_120_000013.png,new_ds/Depth\20260715_092429_120_000013.npy,new_ds/Teacher\20260715_092429_120_000013.npy,1,1,No-Light,4
20260715_092429_120_000014,20260715_092429_120,120,test,new_ds/train\20260715_092429_120_000014.png,new_ds/Depth\20260715_092429_120_000014.npy,new_ds/Teacher\20260715_092429_120_000014.npy,1,1,No-Light,4
20260715_092429_120_000015,20260715_092429_120,120,test,new_ds/train\20260715_092429_120_000015.png,new_ds/Depth\20260715_092429_120_000015.npy,new_ds/Teacher\20260715_092429_120_000015.npy,1,1,No-Light,4
20260715_092429_120_000016,20260715_092429_120,120,test,new_ds/train\20260715_092429_120_000016.png,new_ds/Depth\20260715_092429_120_000016.npy,new_ds/Teacher\20260715_092429_120_000016.npy,1,1,No-Light,4
20260715_092429_120_000017,20260715_092429_120,120,test,new_ds/train\20260715_092429_120_000017.png,new_ds/Depth\20260715_092429_120_000017.npy,new_ds/Teacher\20260715_092429_120_000017.npy,1,1,No-Light,4
20260715_092429_120_000018,20260715_092429_120,120,test,new_ds/train\20260715_092429_120_000018.png,new_ds/Depth\20260715_092429_120_000018.npy,new_ds/Teacher\20260715_092429_120_000018.npy,1,1,No-Light,4
20260715_092504_130_000000,20260715_092504_130,130,test,new_ds/train\20260715_092504_130_000000.png,new_ds/Depth\20260715_092504_130_000000.npy,new_ds/Teacher\20260715_092504_130_000000.npy,0,0,No-Light,0
20260715_092504_130_000001,20260715_092504_130,130,test,new_ds/train\20260715_092504_130_000001.png,new_ds/Depth\20260715_092504_130_000001.npy,new_ds/Teacher\20260715_092504_130_000001.npy,1,1,No-Light,4
20260715_092504_130_000002,20260715_092504_130,130,test,new_ds/train\20260715_092504_130_000002.png,new_ds/Depth\20260715_092504_130_000002.npy,new_ds/Teacher\20260715_092504_130_000002.npy,1,1,No-Light,4
20260715_092504_130_000003,20260715_092504_130,130,test,new_ds/train\20260715_092504_130_000003.png,new_ds/Depth\20260715_092504_130_000003.npy,new_ds/Teacher\20260715_092504_130_000003.npy,1,1,No-Light,4
20260715_092504_130_000004,20260715_092504_130,130,test,new_ds/train\20260715_092504_130_000004.png,new_ds/Depth\20260715_092504_130_000004.npy,new_ds/Teacher\20260715_092504_130_000004.npy,1,1,No-Light,4
20260715_092504_130_000005,20260715_092504_130,130,test,new_ds/train\20260715_092504_130_000005.png,new_ds/Depth\20260715_092504_130_000005.npy,new_ds/Teacher\20260715_092504_130_000005.npy,1,1,No-Light,4
20260715_092504_130_000006,20260715_092504_130,130,test,new_ds/train\20260715_092504_130_000006.png,new_ds/Depth\20260715_092504_130_000006.npy,new_ds/Teacher\20260715_092504_130_000006.npy,1,1,Red,4
20260715_092504_130_000007,20260715_092504_130,130,test,new_ds/train\20260715_092504_130_000007.png,new_ds/Depth\20260715_092504_130_000007.npy,new_ds/Teacher\20260715_092504_130_000007.npy,1,1,No-Light,4
20260715_092504_130_000008,20260715_092504_130,130,test,new_ds/train\20260715_092504_130_000008.png,new_ds/Depth\20260715_092504_130_000008.npy,new_ds/Teacher\20260715_092504_130_000008.npy,0,0,No-Light,0
20260715_092504_130_000009,20260715_092504_130,130,test,new_ds/train\20260715_092504_130_000009.png,new_ds/Depth\20260715_092504_130_000009.npy,new_ds/Teacher\20260715_092504_130_000009.npy,0,0,No-Light,0
20260715_092504_130_000010,20260715_092504_130,130,test,new_ds/train\20260715_092504_130_000010.png,new_ds/Depth\20260715_092504_130_000010.npy,new_ds/Teacher\20260715_092504_130_000010.npy,0,0,No-Light,0
20260715_092504_130_000011,20260715_092504_130,130,test,new_ds/train\20260715_092504_130_000011.png,new_ds/Depth\20260715_092504_130_000011.npy,new_ds/Teacher\20260715_092504_130_000011.npy,0,0,No-Light,0
20260715_092504_130_000012,20260715_092504_130,130,test,new_ds/train\20260715_092504_130_000012.png,new_ds/Depth\20260715_092504_130_000012.npy,new_ds/Teacher\20260715_092504_130_000012.npy,0,0,No-Light,0
20260715_092504_130_000013,20260715_092504_130,130,test,new_ds/train\20260715_092504_130_000013.png,new_ds/Depth\20260715_092504_130_000013.npy,new_ds/Teacher\20260715_092504_130_000013.npy,0,0,No-Light,0
20260715_092504_130_000014,20260715_092504_130,130,test,new_ds/train\20260715_092504_130_000014.png,new_ds/Depth\20260715_092504_130_000014.npy,new_ds/Teacher\20260715_092504_130_000014.npy,0,0,No-Light,0
20260715_092504_130_000015,20260715_092504_130,130,test,new_ds/train\20260715_092504_130_000015.png,new_ds/Depth\20260715_092504_130_000015.npy,new_ds/Teacher\20260715_092504_130_000015.npy,0,0,No-Light,0
20260715_092504_130_000016,20260715_092504_130,130,test,new_ds/train\20260715_092504_130_000016.png,new_ds/Depth\20260715_092504_130_000016.npy,new_ds/Teacher\20260715_092504_130_000016.npy,0,0,No-Light,0
20260715_092528_130_000000,20260715_092528_130,130,test,new_ds/train\20260715_092528_130_000000.png,new_ds/Depth\20260715_092528_130_000000.npy,new_ds/Teacher\20260715_092528_130_000000.npy,0,0,No-Light,0
20260715_092528_130_000001,20260715_092528_130,130,test,new_ds/train\20260715_092528_130_000001.png,new_ds/Depth\20260715_092528_130_000001.npy,new_ds/Teacher\20260715_092528_130_000001.npy,0,0,No-Light,0
20260715_092528_130_000002,20260715_092528_130,130,test,new_ds/train\20260715_092528_130_000002.png,new_ds/Depth\20260715_092528_130_000002.npy,new_ds/Teacher\20260715_092528_130_000002.npy,0,0,No-Light,0
20260715_092528_130_000003,20260715_092528_130,130,test,new_ds/train\20260715_092528_130_000003.png,new_ds/Depth\20260715_092528_130_000003.npy,new_ds/Teacher\20260715_092528_130_000003.npy,0,0,No-Light,0
20260715_092528_130_000004,20260715_092528_130,130,test,new_ds/train\20260715_092528_130_000004.png,new_ds/Depth\20260715_092528_130_000004.npy,new_ds/Teacher\20260715_092528_130_000004.npy,1,1,No-Light,4
20260715_092528_130_000005,20260715_092528_130,130,test,new_ds/train\20260715_092528_130_000005.png,new_ds/Depth\20260715_092528_130_000005.npy,new_ds/Teacher\20260715_092528_130_000005.npy,1,1,Red,4
20260715_092528_130_000006,20260715_092528_130,130,test,new_ds/train\20260715_092528_130_000006.png,new_ds/Depth\20260715_092528_130_000006.npy,new_ds/Teacher\20260715_092528_130_000006.npy,1,1,Red,4
20260715_092528_130_000007,20260715_092528_130,130,test,new_ds/train\20260715_092528_130_000007.png,new_ds/Depth\20260715_092528_130_000007.npy,new_ds/Teacher\20260715_092528_130_000007.npy,1,1,No-Light,4
20260715_092528_130_000008,20260715_092528_130,130,test,new_ds/train\20260715_092528_130_000008.png,new_ds/Depth\20260715_092528_130_000008.npy,new_ds/Teacher\20260715_092528_130_000008.npy,1,1,No-Light,4
20260715_092528_130_000009,20260715_092528_130,130,test,new_ds/train\20260715_092528_130_000009.png,new_ds/Depth\20260715_092528_130_000009.npy,new_ds/Teacher\20260715_092528_130_000009.npy,1,1,No-Light,4
20260715_092528_130_000010,20260715_092528_130,130,test,new_ds/train\20260715_092528_130_000010.png,new_ds/Depth\20260715_092528_130_000010.npy,new_ds/Teacher\20260715_092528_130_000010.npy,0,0,No-Light,0
20260715_092528_130_000011,20260715_092528_130,130,test,new_ds/train\20260715_092528_130_000011.png,new_ds/Depth\20260715_092528_130_000011.npy,new_ds/Teacher\20260715_092528_130_000011.npy,0,0,No-Light,0
20260715_092528_130_000012,20260715_092528_130,130,test,new_ds/train\20260715_092528_130_000012.png,new_ds/Depth\20260715_092528_130_000012.npy,new_ds/Teacher\20260715_092528_130_000012.npy,1,1,No-Light,4
20260715_092528_130_000013,20260715_092528_130,130,test,new_ds/train\20260715_092528_130_000013.png,new_ds/Depth\20260715_092528_130_000013.npy,new_ds/Teacher\20260715_092528_130_000013.npy,1,2,No-Light,8
20260715_092528_130_000014,20260715_092528_130,130,test,new_ds/train\20260715_092528_130_000014.png,new_ds/Depth\20260715_092528_130_000014.npy,new_ds/Teacher\20260715_092528_130_000014.npy,1,2,No-Light,8
20260715_092528_130_000015,20260715_092528_130,130,test,new_ds/train\20260715_092528_130_000015.png,new_ds/Depth\20260715_092528_130_000015.npy,new_ds/Teacher\20260715_092528_130_000015.npy,1,2,No-Light,8
20260715_092528_130_000016,20260715_092528_130,130,test,new_ds/train\20260715_092528_130_000016.png,new_ds/Depth\20260715_092528_130_000016.npy,new_ds/Teacher\20260715_092528_130_000016.npy,1,2,No-Light,8
20260715_092557_140_000000,20260715_092557_140,140,test,new_ds/train\20260715_092557_140_000000.png,new_ds/Depth\20260715_092557_140_000000.npy,new_ds/Teacher\20260715_092557_140_000000.npy,1,1,No-Light,4
20260715_092557_140_000001,20260715_092557_140,140,test,new_ds/train\20260715_092557_140_000001.png,new_ds/Depth\20260715_092557_140_000001.npy,new_ds/Teacher\20260715_092557_140_000001.npy,1,1,No-Light,4
20260715_092557_140_000002,20260715_092557_140,140,test,new_ds/train\20260715_092557_140_000002.png,new_ds/Depth\20260715_092557_140_000002.npy,new_ds/Teacher\20260715_092557_140_000002.npy,1,2,No-Light,8
20260715_092557_140_000003,20260715_092557_140,140,test,new_ds/train\20260715_092557_140_000003.png,new_ds/Depth\20260715_092557_140_000003.npy,new_ds/Teacher\20260715_092557_140_000003.npy,1,1,No-Light,4
20260715_092557_140_000004,20260715_092557_140,140,test,new_ds/train\20260715_092557_140_000004.png,new_ds/Depth\20260715_092557_140_000004.npy,new_ds/Teacher\20260715_092557_140_000004.npy,1,1,No-Light,4
20260715_092557_140_000005,20260715_092557_140,140,test,new_ds/train\20260715_092557_140_000005.png,new_ds/Depth\20260715_092557_140_000005.npy,new_ds/Teacher\20260715_092557_140_000005.npy,1,1,Green,4
20260715_092557_140_000006,20260715_092557_140,140,test,new_ds/train\20260715_092557_140_000006.png,new_ds/Depth\20260715_092557_140_000006.npy,new_ds/Teacher\20260715_092557_140_000006.npy,1,1,Green,4
20260715_092557_140_000007,20260715_092557_140,140,test,new_ds/train\20260715_092557_140_000007.png,new_ds/Depth\20260715_092557_140_000007.npy,new_ds/Teacher\20260715_092557_140_000007.npy,1,1,No-Light,4
20260715_092557_140_000008,20260715_092557_140,140,test,new_ds/train\20260715_092557_140_000008.png,new_ds/Depth\20260715_092557_140_000008.npy,new_ds/Teacher\20260715_092557_140_000008.npy,1,1,No-Light,4
20260715_092557_140_000009,20260715_092557_140,140,test,new_ds/train\20260715_092557_140_000009.png,new_ds/Depth\20260715_092557_140_000009.npy,new_ds/Teacher\20260715_092557_140_000009.npy,0,0,No-Light,0
20260715_092557_140_000010,20260715_092557_140,140,test,new_ds/train\20260715_092557_140_000010.png,new_ds/Depth\20260715_092557_140_000010.npy,new_ds/Teacher\20260715_092557_140_000010.npy,0,0,No-Light,0
20260715_092557_140_000011,20260715_092557_140,140,test,new_ds/train\20260715_092557_140_000011.png,new_ds/Depth\20260715_092557_140_000011.npy,new_ds/Teacher\20260715_092557_140_000011.npy,0,0,No-Light,0
20260715_092557_140_000012,20260715_092557_140,140,test,new_ds/train\20260715_092557_140_000012.png,new_ds/Depth\20260715_092557_140_000012.npy,new_ds/Teacher\20260715_092557_140_000012.npy,0,0,No-Light,0
20260715_092557_140_000013,20260715_092557_140,140,test,new_ds/train\20260715_092557_140_000013.png,new_ds/Depth\20260715_092557_140_000013.npy,new_ds/Teacher\20260715_092557_140_000013.npy,0,0,No-Light,0
20260715_092557_140_000014,20260715_092557_140,140,test,new_ds/train\20260715_092557_140_000014.png,new_ds/Depth\20260715_092557_140_000014.npy,new_ds/Teacher\20260715_092557_140_000014.npy,0,0,No-Light,0
20260715_092557_140_000015,20260715_092557_140,140,test,new_ds/train\20260715_092557_140_000015.png,new_ds/Depth\20260715_092557_140_000015.npy,new_ds/Teacher\20260715_092557_140_000015.npy,0,0,No-Light,0
20260715_092557_140_000016,20260715_092557_140,140,test,new_ds/train\20260715_092557_140_000016.png,new_ds/Depth\20260715_092557_140_000016.npy,new_ds/Teacher\20260715_092557_140_000016.npy,0,0,No-Light,0
20260715_092621_140_000000,20260715_092621_140,140,test,new_ds/train\20260715_092621_140_000000.png,new_ds/Depth\20260715_092621_140_000000.npy,new_ds/Teacher\20260715_092621_140_000000.npy,0,0,No-Light,0
20260715_092621_140_000001,20260715_092621_140,140,test,new_ds/train\20260715_092621_140_000001.png,new_ds/Depth\20260715_092621_140_000001.npy,new_ds/Teacher\20260715_092621_140_000001.npy,0,0,No-Light,0
20260715_092621_140_000002,20260715_092621_140,140,test,new_ds/train\20260715_092621_140_000002.png,new_ds/Depth\20260715_092621_140_000002.npy,new_ds/Teacher\20260715_092621_140_000002.npy,1,1,No-Light,4
20260715_092621_140_000003,20260715_092621_140,140,test,new_ds/train\20260715_092621_140_000003.png,new_ds/Depth\20260715_092621_140_000003.npy,new_ds/Teacher\20260715_092621_140_000003.npy,1,1,Green,4
20260715_092621_140_000004,20260715_092621_140,140,test,new_ds/train\20260715_092621_140_000004.png,new_ds/Depth\20260715_092621_140_000004.npy,new_ds/Teacher\20260715_092621_140_000004.npy,1,1,Green,4
20260715_092621_140_000005,20260715_092621_140,140,test,new_ds/train\20260715_092621_140_000005.png,new_ds/Depth\20260715_092621_140_000005.npy,new_ds/Teacher\20260715_092621_140_000005.npy,1,1,Green,4
20260715_092621_140_000006,20260715_092621_140,140,test,new_ds/train\20260715_092621_140_000006.png,new_ds/Depth\20260715_092621_140_000006.npy,new_ds/Teacher\20260715_092621_140_000006.npy,1,1,No-Light,4
20260715_092621_140_000007,20260715_092621_140,140,test,new_ds/train\20260715_092621_140_000007.png,new_ds/Depth\20260715_092621_140_000007.npy,new_ds/Teacher\20260715_092621_140_000007.npy,1,1,No-Light,4
20260715_092621_140_000008,20260715_092621_140,140,test,new_ds/train\20260715_092621_140_000008.png,new_ds/Depth\20260715_092621_140_000008.npy,new_ds/Teacher\20260715_092621_140_000008.npy,1,1,No-Light,4
20260715_092621_140_000009,20260715_092621_140,140,test,new_ds/train\20260715_092621_140_000009.png,new_ds/Depth\20260715_092621_140_000009.npy,new_ds/Teacher\20260715_092621_140_000009.npy,1,1,No-Light,4
20260715_092621_140_000010,20260715_092621_140,140,test,new_ds/train\20260715_092621_140_000010.png,new_ds/Depth\20260715_092621_140_000010.npy,new_ds/Teacher\20260715_092621_140_000010.npy,0,0,No-Light,0
20260715_092621_140_000011,20260715_092621_140,140,test,new_ds/train\20260715_092621_140_000011.png,new_ds/Depth\20260715_092621_140_000011.npy,new_ds/Teacher\20260715_092621_140_000011.npy,0,0,No-Light,0
20260715_092621_140_000012,20260715_092621_140,140,test,new_ds/train\20260715_092621_140_000012.png,new_ds/Depth\20260715_092621_140_000012.npy,new_ds/Teacher\20260715_092621_140_000012.npy,0,0,No-Light,0
20260715_092621_140_000013,20260715_092621_140,140,test,new_ds/train\20260715_092621_140_000013.png,new_ds/Depth\20260715_092621_140_000013.npy,new_ds/Teacher\20260715_092621_140_000013.npy,0,0,No-Light,0
20260715_092621_140_000014,20260715_092621_140,140,test,new_ds/train\20260715_092621_140_000014.png,new_ds/Depth\20260715_092621_140_000014.npy,new_ds/Teacher\20260715_092621_140_000014.npy,0,0,No-Light,0
20260715_092621_140_000015,20260715_092621_140,140,test,new_ds/train\20260715_092621_140_000015.png,new_ds/Depth\20260715_092621_140_000015.npy,new_ds/Teacher\20260715_092621_140_000015.npy,0,0,No-Light,0
20260715_092703_150_000000,20260715_092703_150,150,test,new_ds/train\20260715_092703_150_000000.png,new_ds/Depth\20260715_092703_150_000000.npy,new_ds/Teacher\20260715_092703_150_000000.npy,1,1,No-Light,4
20260715_092703_150_000001,20260715_092703_150,150,test,new_ds/train\20260715_092703_150_000001.png,new_ds/Depth\20260715_092703_150_000001.npy,new_ds/Teacher\20260715_092703_150_000001.npy,1,1,No-Light,4
20260715_092703_150_000002,20260715_092703_150,150,test,new_ds/train\20260715_092703_150_000002.png,new_ds/Depth\20260715_092703_150_000002.npy,new_ds/Teacher\20260715_092703_150_000002.npy,1,1,No-Light,4
20260715_092703_150_000003,20260715_092703_150,150,test,new_ds/train\20260715_092703_150_000003.png,new_ds/Depth\20260715_092703_150_000003.npy,new_ds/Teacher\20260715_092703_150_000003.npy,1,1,Green,4
20260715_092703_150_000004,20260715_092703_150,150,test,new_ds/train\20260715_092703_150_000004.png,new_ds/Depth\20260715_092703_150_000004.npy,new_ds/Teacher\20260715_092703_150_000004.npy,1,1,Green,4
20260715_092703_150_000005,20260715_092703_150,150,test,new_ds/train\20260715_092703_150_000005.png,new_ds/Depth\20260715_092703_150_000005.npy,new_ds/Teacher\20260715_092703_150_000005.npy,1,1,Green,4
20260715_092703_150_000006,20260715_092703_150,150,test,new_ds/train\20260715_092703_150_000006.png,new_ds/Depth\20260715_092703_150_000006.npy,new_ds/Teacher\20260715_092703_150_000006.npy,1,1,No-Light,4
20260715_092703_150_000007,20260715_092703_150,150,test,new_ds/train\20260715_092703_150_000007.png,new_ds/Depth\20260715_092703_150_000007.npy,new_ds/Teacher\20260715_092703_150_000007.npy,1,1,No-Light,4
20260715_092703_150_000008,20260715_092703_150,150,test,new_ds/train\20260715_092703_150_000008.png,new_ds/Depth\20260715_092703_150_000008.npy,new_ds/Teacher\20260715_092703_150_000008.npy,1,1,No-Light,4
20260715_092703_150_000009,20260715_092703_150,150,test,new_ds/train\20260715_092703_150_000009.png,new_ds/Depth\20260715_092703_150_000009.npy,new_ds/Teacher\20260715_092703_150_000009.npy,1,1,No-Light,4
20260715_092703_150_000010,20260715_092703_150,150,test,new_ds/train\20260715_092703_150_000010.png,new_ds/Depth\20260715_092703_150_000010.npy,new_ds/Teacher\20260715_092703_150_000010.npy,0,0,No-Light,0
20260715_092703_150_000011,20260715_092703_150,150,test,new_ds/train\20260715_092703_150_000011.png,new_ds/Depth\20260715_092703_150_000011.npy,new_ds/Teacher\20260715_092703_150_000011.npy,0,0,No-Light,0
20260715_092703_150_000012,20260715_092703_150,150,test,new_ds/train\20260715_092703_150_000012.png,new_ds/Depth\20260715_092703_150_000012.npy,new_ds/Teacher\20260715_092703_150_000012.npy,0,0,No-Light,0
20260715_092703_150_000013,20260715_092703_150,150,test,new_ds/train\20260715_092703_150_000013.png,new_ds/Depth\20260715_092703_150_000013.npy,new_ds/Teacher\20260715_092703_150_000013.npy,0,0,No-Light,0
20260715_092703_150_000014,20260715_092703_150,150,test,new_ds/train\20260715_092703_150_000014.png,new_ds/Depth\20260715_092703_150_000014.npy,new_ds/Teacher\20260715_092703_150_000014.npy,0,0,No-Light,0
20260715_092703_150_000015,20260715_092703_150,150,test,new_ds/train\20260715_092703_150_000015.png,new_ds/Depth\20260715_092703_150_000015.npy,new_ds/Teacher\20260715_092703_150_000015.npy,0,0,No-Light,0
20260715_092727_150_000000,20260715_092727_150,150,test,new_ds/train\20260715_092727_150_000000.png,new_ds/Depth\20260715_092727_150_000000.npy,new_ds/Teacher\20260715_092727_150_000000.npy,0,0,No-Light,0
20260715_092727_150_000001,20260715_092727_150,150,test,new_ds/train\20260715_092727_150_000001.png,new_ds/Depth\20260715_092727_150_000001.npy,new_ds/Teacher\20260715_092727_150_000001.npy,0,0,No-Light,0
20260715_092727_150_000002,20260715_092727_150,150,test,new_ds/train\20260715_092727_150_000002.png,new_ds/Depth\20260715_092727_150_000002.npy,new_ds/Teacher\20260715_092727_150_000002.npy,0,0,No-Light,0
20260715_092727_150_000003,20260715_092727_150,150,test,new_ds/train\20260715_092727_150_000003.png,new_ds/Depth\20260715_092727_150_000003.npy,new_ds/Teacher\20260715_092727_150_000003.npy,1,1,No-Light,4
20260715_092727_150_000004,20260715_092727_150,150,test,new_ds/train\20260715_092727_150_000004.png,new_ds/Depth\20260715_092727_150_000004.npy,new_ds/Teacher\20260715_092727_150_000004.npy,1,1,No-Light,4
20260715_092727_150_000005,20260715_092727_150,150,test,new_ds/train\20260715_092727_150_000005.png,new_ds/Depth\20260715_092727_150_000005.npy,new_ds/Teacher\20260715_092727_150_000005.npy,1,1,No-Light,4
20260715_092727_150_000006,20260715_092727_150,150,test,new_ds/train\20260715_092727_150_000006.png,new_ds/Depth\20260715_092727_150_000006.npy,new_ds/Teacher\20260715_092727_150_000006.npy,1,1,No-Light,4
20260715_092727_150_000007,20260715_092727_150,150,test,new_ds/train\20260715_092727_150_000007.png,new_ds/Depth\20260715_092727_150_000007.npy,new_ds/Teacher\20260715_092727_150_000007.npy,1,1,No-Light,4
20260715_092727_150_000008,20260715_092727_150,150,test,new_ds/train\20260715_092727_150_000008.png,new_ds/Depth\20260715_092727_150_000008.npy,new_ds/Teacher\20260715_092727_150_000008.npy,1,1,No-Light,4
20260715_092727_150_000009,20260715_092727_150,150,test,new_ds/train\20260715_092727_150_000009.png,new_ds/Depth\20260715_092727_150_000009.npy,new_ds/Teacher\20260715_092727_150_000009.npy,1,1,No-Light,4
20260715_092727_150_000010,20260715_092727_150,150,test,new_ds/train\20260715_092727_150_000010.png,new_ds/Depth\20260715_092727_150_000010.npy,new_ds/Teacher\20260715_092727_150_000010.npy,0,0,No-Light,0
20260715_092727_150_000011,20260715_092727_150,150,test,new_ds/train\20260715_092727_150_000011.png,new_ds/Depth\20260715_092727_150_000011.npy,new_ds/Teacher\20260715_092727_150_000011.npy,0,0,No-Light,0
20260715_092727_150_000016,20260715_092727_150,150,test,new_ds/train\20260715_092727_150_000016.png,new_ds/Depth\20260715_092727_150_000016.npy,new_ds/Teacher\20260715_092727_150_000016.npy,0,0,No-Light,0
